,DRUG,HEADACHE,0CCIPIT,BRAIN,FOREHEAD,Unnamed: 5,TEMPROL,Unnamed: 7,VERTEX,MODALITY,VERTIGO1,VOMITING,OTHERORGANS,HEAD POSITION,NOSE,FACE,EAR,ASSOCIATED SYMPTOMS,TEETH,Unnamed: 19,EYE,Unnamed: 21,DAY,NIGHT,MIND,STOOL,SENSATION,FEMALE,SCALP,VERTIGO2,TONGUE,Unnamed: 31,SLEEP,THROAT,HEART,DISEASE,Unnamed: 36,Unnamed: 37,SWEAT,STOMACH,EXTERMITIES
0,Abisinthium,,dull ache,,,,,,,,tendency to fall backwards,,,wants headlow,,"Spsmodic twitch, face blue",,general confusion,,,"Pupils unequally dilated[gels,pic-ac]",,,,,,,,,,,,,,,,,,,,
1,Abies-can,,,,,,,,,,,,,,,,,"feels light head,tipsy irritable",,,,,,,,,,,,,,,,,,,,,,,
2,Abies-nig,,,,,,,,,,,,,,,,,,,,,,"Dull ache during day,",wakefull at night,,,,,,,,,,,,,,,,,
3,Acetanilidum,,,,,,,,,,,,,,,,,,,,,,,,,,"enlarged ,fainting",,,,,,,,,,,,,,
4,Acetic-acid,"nervous headache, from narcotics",,,,,temporal vessel distended,,,,,,,,,,,pain across root of tongue,,,,,,,,,,,,,,,,,,,,,,,
5,Aconitum-nsp,burning headache,,,,,,,,,"worse on rising[nux,opium],shaking head",,,,,,,burning headache as if brain were moved by boiling water[indigo],,,,,,,,,sensation on vertexas if hair were pulled or stood onend,,,,,,,,,,,,,,
6,Actea-sp,Tearing headache ebbulation of blood to head by coffee,,,"heatin forehead,pain in left frontal eminence",,,,pain from crown to between eye brows,,"vertigo,tearing headache,better open air",,,,,,,"nose red at tip ,fluent coryza. Throbbing in brain",,,,,,,,,,,itch scalp alternat with heat,,,,,,,,,,,,
7,Adonis-ver,feels light,fromocciput around temple to  eyes,,aches across front,,from occiput  around temple to eye',,,,,,,,,,,,,,"eyes dilated,aches from temple to eye",,,,,,,,scalp feels tight,"Vertigo on rising,turnig head quickly or lying down",,,,,,,,,,,
8,AesculusHIP,AcheAsFromCold,occiput To FrontalBruisedScalp,,pressureNauseaFollowStitchRtHypocondria,,,,,,,,,,,,,neurolgicStitchRtToLeftThroughForehead,,,,,,,depressedIrritableDullConfused,,,,,,,,,,,,,,,,
9,AesculusHIP,,,,,,,,,,SittingAndWalking,,,,,,,follow FlyingPainInEpigastrium,,,,,,,,,,,,,,,,,,,,,,,
10,AethusaCyna,,occiputPainExtendSpine,,,,,,,BetterLyingPressure,headHOTafterVertigoCeases,,,,,,,HeadSympRelivedByFlatusBYStoolSangu,,,,,,,,,,,HairFeelsPulled,VertigoDrowsinessWithPalipitation,,,,,,,,,,,
11,Agaricus,dullAcheFromProlongDeskWork,FallBackAsIfWeightOcc,,,,LatHeadacheAsFromNailCoffIgnatia,,,desireCoverHeadWarmSilicia,SunLightWalk,,HeadacheWithNoseBleedOrThickMucus,,,,,icycoldIcyNeedleNeurlgiaIcyColdHead,,,,,,,,,headConstantMotion,,,,,,,,,,,,,,
12,AilunthusGlandulsa,passiveCongestion,,,frontaAcheWithDrowsiness,,,,,,,,,,ThinIchorusBloodyDischarge,FaceDusky,,,,,SuffusedDilatePhotophobia,,,,,,,,,,,,,,,,,,,,
13,AlfaAlfa,painINleftSideHead,OccDullHeavyInAboveEYE,,,,,,,WorseTowardEvening,,,,,,,,violentHeadache,,,,,,,,,,,,,,,,,,,,,,,
14,AlliumCepa,,,,catarrhalAcheMostlyForehead,,,,,WorseWarmRoomEvening,,,,,,threadLikePAINinFace,,CEASEmensesFlowAppearsStopFlow,,,,,,,,,,,,,,,,,,,,,,,
15,AlliumSativa,,,,,,heavyPulsationINtemples,,,,,,,,,,CatarrhalDeafness,,,,,,,,,,,,,,,,,,,,,,,,
16,Aloe,dullPressivePainWorseHeat,,,AcheAboveFHheavyEyePartlyClose,,,,,,,,,,,,,lumbagoUterineIntestinalAlternate headache,,,,,,,disinclieMentalLabour,headacheAfterStool,,alternateuterineAffect,,,,,,,,,,,,,
17,Alumen,,,,,,,,burnPainTopHeadBetterPressureHand,,WithWeakPitStomach,,,,,,,Alopecia,,,,,,,,,,,Alopecia,,,,,,,,,,,,
18,Alumina,throbbingWithConstipate,,,PressureFHasFromTightHat,,,,,,StitchBurnWorseMorningBetterBreakfast,,,,,,,,,,inabilitWalkExceptEyesOpen,,,,,,,,HairfallScalpNUMBitch,,,,,,,,,,,,
19,AluminaSilicate,painheadBetterHeatPerspire,,,,,,,,,,,congestionBrain,,freqCoryzaSwellAndUlcerateNose,,,,,,painEyeFlickering,,,,congestBrain,,,,,,,,,,,,,,,,
20,AmbraGrisea,,,,pressureFHwithMentalDepression,,,,,,withWeakINheadStomach,,tearingPainUpperhalfBRAIN,,EpistaxisEspINmorning,,hearingImpaired,rushBloodHeadWhenListenMusic,ProfuseBleedFromTEETH,,,,,,,,senileDizzy,,HairfallScalp,,,,,,,,,,,,
21,AmmniacumDerma,catarrhalHAdueCloseFrontalSinus,,,dueCloseFrotalSinusHeadache,,,,,,,,headacheDueCloseFrontalSinus,,,,,,,,,,,,,,,,,,,,,,,,,,,,
22,AmmoniumBnzoicum,heavyStupid,,,,,,,,,,,,,,,,,,,,,,,,,,,,,,,,,,,,,,,
23,AmmoniumBromatum,,,,,,,,,,,,,,thickNasalDischargeSneezing,,feelingBandAboveEar,,,,,,,,cerebralCongest,,,,,,,,,,,,,,,,
24,AmmoniumCarb,shockThroughHead,,,pulsateFHpressureWarmRoomBetter,,,,,pressureWarmRoomBetter,,,,,,,,,,,,,,,,,,,,,,,,,,,,,,,
25,AmmoniumIodatum,dullacheEspYoungPeople,,,,,,,,,vertigoMenieresDisease,,,,,,,,,,,,,,,,,,,,,,,,,,,,,,
26,AmmoniumMur,,,,,,,,,,,,,,,,,,,,,,,,feeFullCompressedWorseMorning,,,,hairfallDandruffItching,,,,,,,,,,,,
27,AmmoniumPhos,,,,,,,,,,,,,,sneezExcessRunNOSEeyesOnlyMorning,,,,,,,,,,,,,,,,,,,,,,,,,,
28,AmmoniumPicratum,periodicBilliousHeadacheSangunaria,periodicNeurolgiaRtSideOcciput,,,,,,,,onRising,,boringPinToEarOrbitJaw,,,,boringPainEarOrbitJaw,,,,boringPainEarOrbitJaw,,,,,,,,,,,,,,,,,,,,
29,AmylNtrosum,throbbing,,,,,,,,,,,,,,surgeBloodHeadFaceAsifBloodStartFromSkin,HypraemicThrbbing,,,,,,,,AnxietAsifSomethingMightHappenWantFreshAir,,flushFollowSweatClimacteric,,,,,,,,,,,,,,
30,Anacardium,pressingPainFHoccTempVertex,pressPainDuringMeal,,pressPainBetterDuringMeal,,preePainBetterDuringMeal,,pressPainDuringMeal,betterDuringMeal,vertigo,,,,,,,,,,,,,,,,,,itchLittleBoils,,,,,,,,,,,,
31,Anatherum,painPierceBrainPointedArrows,,PainPierceBrainPointedArrowWorseAfterNoon,,,,,,worseAfterNoon,,,scalpEyeNoseTongueSalivaCopious,,boilsTumorTipNosse,,,,,,wartLikeGrowthOnEyebrows,,,,pressPainAsFromPlugWorseAfterMentalExert,,pressPainAsplugWorseMentalExertion,,HerpesUlcerTumor,,FissureAsifEdgesCutCopiousSalivation,,,,,,,,,,
32,Anhalonium,AcheDisturbedVision,,,,,,,,,,,,,,,ExaggerateReverbarateOrdenarySounds,briliantMovingColorObjectPupilsDilate,,,pupilsDliateVertigoBrainTired,,,,,,,,,,,,,,,,,,,,
33,AngusturaVera,headacheHeatFace,,,,,PainTempMuscleOpenJaws,,,,,,faceTempJawChewMUSCLE,,,faceJawMassetor,,crampPainZygoArcMassetorFatiguePainArticulateJaw,,,,,,,,,,,,,,,,,,,,,,,
34,AntimoniumCrudum,ache,,,heavyVertigoNauseaNosebleed,,,,AcheAscendBathCandyAcidWine,,,,,,,,,,,,,,,,,,,,headacheWithHairLoss,,,,,,,,,,,,
35,AntmoniumTart,asFromBandCompresAcNit,,,bandLikeFeelFH,,,,,,AlternateDrowsyDespondency,,,,,paleSunken,,childWillNotBeTouchedWithoutWHINING,,,,,,,mutterDeliriumStuporFearAlone,,,,,dullnessConfusion,,,,,,,,,,,
36,Antipyrrine,throbbingFlushHeat,,,,,,,,,,,,,,,headacheUnderEarWithEarache,,,,,,,,,,throbingSensationConstrictFlushHeat,,,,,,,,,,,,,,
37,ApisMel,boresHeadIntoPillowScream,dullHeavyAsBlowExNeckWithSexual,wholeBrainFeelTired,,,,,,refOccBetterPRESSURE,WithSneezWorseLyingEyeClose,,,,,,,HeatThrobDistensePainBetterPressureWorse Motion,,,,,,,,,suddenStabbingPain,,,,,,,,,,,,,,
38,ApumGraveolens,headacheBetterEating,,,,,,,,,,,,,,,,,,,eyeFeelSunkenItchInnerCanthusLEFTeye,,,,DeppessEnergeticFidgetCannotSLEEPthiking,,,,,,,,cannotSleepFromTHINK,,,,,,,,
39,Apomrphia,emptyRetchingAndHeadache,,,,,,,,,vertigo,nauseaViolenInclineVomit,ReflexVomitPregSeaSick,,,,,emptyRetchHeartBurnPainShoulderBlade,,,,,,,,,HotFeelAllOverBODYespHead,,,,,,,,,,,,,,
40,AragallusLamberti,,,,,,,,,,,,,,,CrackLowerLIP,,,,,DiplopiaBurningEyes,,,,,,,,,,,,,,,,,,,,
41,AraneaDiadema,,,,,,,,,bertterSmokingInOpenAir,,,,,,painRtTrifacialInwardPerifery,,,violentPainNightAfterLyingDown,,heatFlikeringWorseDampWeather,,,,confusion,,,,,,,,,,,,,,,,
42,ArgemoneMexicana,,,,,,throbbingEyesTemple,,,,,,,,,,,,,,,,,,,,HeadHot,,,,,,,VeryDryPainSwallowing,,,,,,,
43,ArgentumMtallicum,headFeelEmptyHollow,,,,,,,,,intoxicateFeelLookRunWater,,,,ExhaustCoryzSneez,PainFacialBone,,EyeLidsRedAndThickNeurogiaLeftIncreaseCeazeSudden,,,PainBetweenLefteyeFrontaEminence,,,,,,,,ScalpVeryTenderTouch,,,,,,,,,,,,
44,ArgentumNitricum,WithColdnessTremble,,acheFromMentalExertDanceFag,AcheFeelEnlargeCorrespondEye,,,,,,withBuzzEarNerveAffect,,eyeEarScalpEmotion,,,,vertigoBuzzNervousAffect,BorePainBetterBandagePressureHeadBoneSeparate,,,acheWithEnlargeFeelCorrespodEye,,,,headacheMentalExert,,,,itch,,,,,,,,,,,,
45,Arnica,sharpPinchHotColdbody,,confusedSensitiveBrain,coldSpotForehead,,,,,,chrVertigoObject WhirlEspWalk,,,,,,,,,,,,,,,,,,scalpFeelContract,,,,,,,,,,,,
46,ArsenicumAlbum,periodicalBurnRestlessHemiCrania,,,,,,,,relivedByColdOtherSympWorse,,,scalpSkinHairHeadSensitiveOpenAir,,,,,patchCircularbareSpotSensitiveDryScale,,,,,,burnItchDandruff,deleriumTremensCurseRavingVicious,,headConstantMotion,,itchSensitiveCannotBrushHair,,,,,,,,,,,,
47,ArsenicumHydrogeni,,,,,,,,,wrapWarmCloth,VilolentGoingUpstair,,,,violentSneezNose Cold,,,mustWrapWarmCloth,,,broadBlueCircleArroundEyeSunken,,,,,,,,,,,,,,,,,,,,
48,ArsenicumIod,,,,,,,,,,withTremulusFeelEspAged,,,,,,,,,,,,,,,,,,,,,,,,,,,,,,
49,ArgentumMetalicum,LtSideUptoEyesEars,,LowSpiritWeakMemory,oeddematousSwellForehead,,,,,,,,EyesEars,worseSoopLying,,,LtHeadacheUptoEyesEars,,,,headacheLtUptoEyesEars,,,,DesireAloneAnoyedVisionCauseCRY,,headFeelsTooLARGE,,,,,,,,,,,,,,
50,ArtemisiaVulgaris,,,CongestionBrain,,,,,,,,,MOUTHdrawntoLEFT,drawnBackBySpasmodicTwitch,,,,mouthDrawnLtRrawnBackBySpasmodicTwitch,,,,,,,,,,,,,,,,,,,,,,,
51,ArumDracontium,,,,,,,,,,,,EarBehindEar,,,,heavyShootPainEarsAcheBehinRtEar,,,,,,,,,,heayShootPainEarBehindRtEar,,,,,,,,,,,,,,
52,ArumTriphyllum,boresHeadIntoPillow,,,,,,,,,,,,,,,,headacheFromWarmClothOrHotCOFFEE,,,,,,,,,,,,,,,,,,,,,,,
53,Arunda,deepSeatedPainSidesHead,PainExtendCiliaryRegion,,,,,,,,,,CiliaryRegionSidesHead,,,,,hairfallRootPainPustulesHeadacheSides,,,OCCpainExtendCiliaryRegion,,,,,,,,itchFallHairRootPainPustules,,,,,,,,,,,,
54,Asafoetida,pressurePainWithinOutWard,,irritableComplainsHerTroubleSensitive,,,,,,,,,boringEyebrows,,,,,,,,boringAboveEyeBrows,,,,irritableComplainHerTroubleSensitive,,pressivePainWithinOutwards,,,,,,,,,,,,,,
55,AsarumEuropum,compressivePain,,,,,,,,,,,scalpHairNose,,coryzaSneezing,,,,,,,,,,,,CompressivePainTensionScalp,,tensionHairPainfullCHINA,,,,,,,,,,,,
56,AsclepiasSyriaca, nervousheadacheRefAssociteSYMP,,,constrictAcrossForehead,,SharpObjectThroughTempleToTemple,,,,,,templeFHnerovousPerspiUrineSpGravity,,,,,suppresSweatFollowIncreUrineIncreSpGravity,,,,,,,,,,,,,,,,,,,,,,,
57,AsclepiasSyriaca,,,,,,,,,,,,,,,,,headacheFromRetentionEFFETEmatterInSystem,,,,,,,,,,,,,,,,,,,,,,,
58,AsparagusOfficinalis,MigaineMorningWithScotoma,,confused,FHacheAndRootNose,,,,,migrineMrningWithScotoma,,,FHnoseEyeThroat,,AcheFHandRootNose,,,MigrainousMorningHeadacheWithScotoma,,,migraineMorningWithScotoma,,,,confused,,,,,,,,,feelRoughHawkCpioustenaciousMucus,,,,,,,
59,AsteriasRubens,throbbing,,shockThrobbHeatHeadasAroundHotair,,,,,,,,,,,,,,shockBrainThrobbHeatInHeadasifSouroundHotair,,,,,,,cannotBearContridiction,,heatheadAsifSourundedByHotAir,,,,,,,,,,,,,,
60,AstragalusMollissimus,pressivePainTemple,,,,,fullnessRtTempUpperJaw,,,,dizzy,,tempJawLteyebrowFaceboneMaxillae,,,painFaceboneAndMaxillaePressure,,,,,painoverLefteyebrow,,,,,,pressivepainTemples,,,,,,,,,,,,,,
61,AurumMetallicum,violentpainWorseNightRoar,,congestiontoHead,tearThroughbrainToFH,,,,,WorseNight,vertigo,,foreheadBrainSalpNight,,,,,violentPainheadWorseNightPressureOutward,,,,,,worseNight,,,roreHeadPressureOutwardTearBrainFH,,BOILS,,,,,,,,,,,,
62,AvenaSativa,,,inabilityKeepMINDonAnyOneSubject,,,,,,,,,mindConcentration,,,,,,,,,,,,inabilityKeepMindOnAnyOneSubject,,,,,,,,,,,,,,,,
63,AzadirachtaIIndica,headacheScalpRteyeball,,forgetfull,,,,,,,giddyOnRising,,headScalpEyeRteye,,,,,forgetGiddyraiseHeadacheScapSenstiveeyeburnpainRtEye,,,eyeburnRighteyePain,,,,forgetfull,,eyeburnPainnRtEye,,scalpSensitive,,,,,,,,,,,,
64,Bacillinum,severeDeepInHeadache,,,,,,,,,,,scalpEye,,,,,,,,EczemaEyeLid,,,,,,asofTightHoop,,,,,,,,,,,,,,
65,Badiga,,,,painFHtempleEXTeyeBall,,painFHtempleEyeballAfternoon,,,FhtempWorseAfternoon,dullDizzyFeelHead,,eyeScalpNoseRespiAfternoon,,CoryzSneezwateryAsthamaBreathSuffocate,,SlightSoundGreatlyAccentuated,asthamaticBreathSuffocateCoughinfluenza,,,extendEyeballWorseAfternoon,,Afternoon,,,,ofEnlargementFullnessPainFHtemple,,dandrufSoreDryTetterLike,,,,,,,,,,,,
66,Baptisia,,,feelSoreStuperFallAsleepWhileSpoken,skinFHtightSeemDrawnbackhead,,,,,,vertigoPressureRootnose,,FHskinEyenose,,pressureAtRoot,,earlyDeffnessInTyphoid,fallasleepWhileSpoken,,,soreEyeBallHeavy,,,,confusedSwimfeelStuporWhileSpoking,,feelLargeHeavNumb,,FHskinDrawnbacktight,,,,,,,,,,,,
67,Barytacarb,,,feelLoose,,,,,,,stitchStandinSUNthroughHead,,vertigoHairfall,,,,,,,,,,,,confusionWens,,,,hairfall,,,,,,,,,,,,
68,Belladona,Rtside LyingdownColdHaircut,fullnessFHoccTemp,,foreheadOcciputTempleFullness,,fullnessFHoccTEMP,,,betterPressureSemiErectPosition,fallLeftBackwards,,,BoreIntoPillowRollSideTosideDrawBack,headacheSuppCatarrahlFlow,,,sensitiveLTrobbHeatPalipitationReverbarate,,,,,,,SuddenCrymoaning,,fullnessFHoccTemp,,hairsplitheadacheHaircut,,,,,,,,,,,,
69,Bellisperennis,,fromOCCtoTopHead,,feelContracted,,,,,itchscalpworseHotbathBed,in elderlyPeople,,occFHtopheadScalp,,,,,,,,,,,,,,bruisedSore,,itcharoundAndBackWorsehotbathAndBed,,,,,,,,,,,,
70,BenzenumCoalNaptha,Rtsideheadache,,,frontalToRootNoseheadache,,,,,,dizzy,,FhnoseRtSideBelowUp,,headachefrontalToRootnose,,,tirednervouspainBelowUpSenseFallBedFloor,,,,,,,pressingFeelHead,,pressFeelHead,,,,,,,,,,,,,,
71,BenzoicumAcidum,,,,coldSweat,,throbTempArteryCausePuffAroundEars,,,,incilationFallSideways,,arteryEarTongueMouthGumskin,,,,puffAroundEarconstrictMouthRefCaps,prickConstrictMouthbluishGumBleed,,,,,,,,,noise Swalloing,,wens,,ulcer,,,,,,,,,,
72,BerberisAquifolium,billiousHeadache,,,,,,,,,,,ear scalp,,,,sensationBandJustAboveEars,scalahead,,,,,,,,,bandJustAboeEars,,scalyEczemaScaldHead,,,,,,,,,,,,
73,BerberisVulgaris,,chillBackToOcciput,,frontalHeadache,,,,,,withAttacksFainting,,earScalpFHocc,,,,tearingPainAuricleAndGoutyConcretion,,,,,,,,listlessApathaticIndiffirent,,tightCapPressWholeScalp,,sensationTightPressWholeScalp,,,,,,,,,,,,
74,Betonica,,,InabilityConcentrateMind,,,stitchRtTemple,,,,,,,,,,,,,,,,,,inabilityConcentrateMind,,,,,,,,,,,,,,,,
75,Bismuth,HeadacheAlternatrGastrologia,pressureWorseMotionHeavy,,,,,,,betterColdAternateGastric,,,headaGastricEyeOccFaceTeeth,,,neurolicInvolveFaceTeethEatWorse,,headacheAlternateWithGastrolgia,nerolgiaInvolvefaceTeethasifTornPincers,,cuttingPressureAboveRtOrbitEXTtoOcciput,,,,,,,,,,,,,,,,,,,,
76,BoletusLaricus,,,,feelLightYellowDeepFrontalHeadache,,,,,,,constantaNausea,,,,,,,CoatTongueTeethIndented,,,,,,,,,,,,thickYellowCoatingteethIndented,,,,,,,,,,
77,Borax,,,,,,,,,,,AcheNauseaTremleWholeBody,,,,,,tiphairTangleCannotSeparateasPlicapolonicavincaMin,,,,,,,,,,,hairTipTangledTipsCanNotBeSeparate,,,,,,,,,,,,
78,Bovista,distensiveWorseEarlyMorning,asifheadWereEnlargeEspOcciput,DullBruisedPain,,,,,,worseEarlyMorningOpenAirLying,,,scalpBrainOCCnerveSysNose,,dischargeStringyToughMucus,,,StammeringStramMerc,,,,,,,OcciputEnlargeSensation,,OcciputEnlargeSensation,,itchWorsWarmSensitveScratchUntiillSore,,,,,,,,,,,,
79,Bromium,MegrimLeftSideStoopDrinkMilk,,,,,,,,worseStoopMilkSunheatRapidWalk,DizzyCrossStreemWater,,eye,,,,,,,,SharpPainThroughEye,,,,,,,,,,,,,,,,,,,,
80,Bryonia,SpiltBurstPressoutHammerWithin,headacheSeatedOcciput,,frontHeadacheInvolveFrontSinusus,,,,,worseMotionOnRise,nauseaFaintConfusionOnRise,nauseaFaintConfuseOnRise,eyeZygomaFHocciput,,,DrawingBonesTowardZygoma,,,,,worseOpeneyeMotionEYEball,,,,,,,,,,,,,,,,,,,,
81,Bufo,,,numb,painBetterNosebleedFaceflush,,,,senseHotVaporRoseTopHead,,,,vertexFH nose,,epstaxisflushedFacePainFH,bathedSweat,,,,,,,,,,,asifHotVaporTopHead,,,,,,,,,,,,,,
82,ButyricAcid,dullHeavyAcheHead,,headacheApprehensiveTrifles,,,,,,worseUpstairRapidMotion,,,,,,,,worriesTriflesSuicideImpulseFearNervous,,,,,,,suicideImpulseFearNervousWorryTrifles,,,,,,,,,,,,,,,,
83,CactusGrandiflorus,congestPeriodicApoplexy,,,,,,,senseAsifWeightVertex,painRetunSameHour,,,vertexRtsideBvesselEyeEarFace,,,RtProspolgiaReturnSameHOURdailyCEDRON,pulsateEar,headacheIFpassDinnerHourBvesselDistend,,,DimSight,,,,,,asifWeightVertexRtSidePulsatePain,,,,,,,,,,,,,,
84,CadmiumSulph,hemicraniaHeathead,,unconcious,,,,,,,roomBedSpinAroundVertigo,,,,,,,,,,,,,,,,,,,,,,,,,,,,,,
85,Cajaputum,,,,,,,,,,,,,,,,,asifHeCouldnotGetTogetherHimselfBAPTISIA,,,,,,,feelMuchEnlarge,,,,,,,,,,,,,,,,
86,CaladiumSeguinum,headacheWithPainShoulder,,headacheAndMentalStatesSmokers,,,,,,,,,headFHshoulderMindSmokers,,,,extreemlySensitiveNoiseThrobbEar,veryForgetNotKnowAbouOccurenceThings,,,pressureEyesForeheadSensitiveNoiseThrobbEar,,,,,,,,,,,,,,,,,,,,
87,CalcareaAcetic,WithColdnessSourTaste,,,,,,,,,inOpenair,,tasteSenses,,,,,,,,,,,,sensesObscureWhileReading,,sensesObscureWhileReading,,,,,,,,,,,,,,
88,CalcareaArsenica,WeeklyHeadacheBenumbheadache,,,,,,,,betterLyePainfullSide,violentRushBloodToHeadWithVertigo,,,,,,BenumbHeadacheMostAroundEars,,,,,,,,,,BenumbHeadacheMostlyAroundEar,,,,,,,,,,,,,,
89,CalcareaCarbonica,overLiftingMentlExertWithNausea,,,,,,,senseWeightTop,,OnAscendTurnHead,,,,,headFeeHotHeavyWithPaleFace,,headacheColdHandFeetIcyColdAndHandEspRtSide,,,,,,,,,openFontanellasHeadEnlargeMuchSweatPillow,,itchScratchHeadWake,,,,,,,,,,,,
90,CalcareaFlorica,CracklingNoiseHead,,,,,,,,,,,HeadScalpBloodTumor,,,,,bloodtumorNewinfantUlcerScalpCallousHardEdge,,,,,,,,,,,callusHardEdgeUlcerHardExcre,,,,,,,,,,,,
91,CalcareaIodata,RidingAgainstColdWind,,,,,,,,,,,noseEarPolyp,,CatarrahWorseRootSneezPolypNoseEar,,Polyp NoseAndEar,,,,,,,,,,,,,,,,,,,,,,,,
92,CalcareaPhosphorica,WithAbdominalFlatulence,,,,,,,,changWeather,,,AbdoFlatulenceSutureRegionPuberty,,,,defectiveHearing,nearSuturePubertyFontanelOpenCranialBoneSoft,,,,,,,,,,,headhotRootHairSmart,,,,,,,,,,,,
93,CalcareaSilicata,,,,,,,,,,headcoldEspVertex,,,,catarrahPostNaresThickYellowHardCrustDischarge,,,,,,CornealExudate,,,,,,,,,,,,,,,,,,,,
94,CalcareaSulphurica,,,,,,,,,,,,,,,,,ScaldHeadChildrenPurulentDischargeYellowCrust,,,,,,,,,,,,,,,,,,,,,,,
95,CalundulaOfficinalis,exteemNrvousTearing,,nervousFrightenedWeightOnBrain,,,,,,,,,brainGlandRtSideNeckNervous,,,,,subMaxilaryGlandSwellRtSideNeckPainTouch,,,,,,,,,,,,,,,,,,,,,,,
96,Camphora,,ThrobbSynchronusWithPulse,bBeatingPainInCerebellum,,,fleetStitchTempRegOrbit,,,,tendeUnconciousFeelasifHeWouldDie,,vertigoNoseTongueOccPulse,,coldPinchSeezInflue,,,coldSweat,,,fleetStitchTempRegionOrbits,,,,,,,,,,coldFlabbyTrembling,,,,,,,,,,
97,canchalagua,congested,,,,,,,,,,,,,,,buzzing,,,,burning,,,,,,headFeelasifBound,,feeltight,,,,,,,,,,,,
98,CannabisIndica,uremicFlatulenceMigrain,ThrobbWeight,shockThroBrainAloeCoca,,,,,,,,,,ShakeHeadMigraineExciteLoqacity,,,,feelAsifTopHeadOpeningShutasifcalvariumBeingLifted,,,,,,,,,,,,,,,,,,,,,,,
99,CannabisSativa,,,lectophobia,,,,,,,SensationDroppingWaterOnHead,,,,pressureRootOfNose,,,,,,,,,,,,,,,,,,,,,,,,,,
100,Cantharis,,,BurnSensationAsifBoilingWaterInBrain,,,,,,,vertigoWorseInOpenAir,,,,,,,,,,,,,,,,,,,,,,,,,,,,,,
101,Capsicum,BurstingWorseCough,,,,,,,,,,,,,,facehotRedCheekFaceRedThoughColdAsafaetida,,,,,,,,,,,,,,,,,,,,,,,,,
102,CarboAnimalis,,,,,,,,,,vertigoFollowNosebleed,,noseCheekHearingEyeRushBloodLip,,swollenTipBlueSmallTumorOnit,bluishCheekLips,hearingConfusedCannotTellDirectionOfSound,asifHeadBlownToPieces,,,asifSomethinglayAboveEyesSocouldnotLookup,,,,RushBloodWithConfusion,,,,,,,,,,,,,,,,
103,CarboVegetabilis,AcheFromAnyOverindulgence,,,,,,,,hairfallScalpItchWarmBed,WithnauseaAndTinniyis,,indulgenceHairScalpHeadFace,,,PimplesOnForeheadFace,,hairsoreFallScalpItchheadheavy,,,,,,,,,feelheavyConstrictHatpressLikeHeavyWeight,,hairfallSoreItchGetWarmInBed,,,,,,,,,,,,
104,CarbolicumAcidum,headacheBetterGreenTeaSmoking,,disinclinedMentalWork,,,,,,betterGreenTEAwhileSmoking,,,RtOrbitRtEye,,,,,tightFeelCompressRubberBandGelsMahonia,,,orbitalNeurolgiaOverRtEye,,,,DisinclinedMentalWork,,feelheavyWeightHatAsifCompressRubberBand,,,,,,,,,,,,,,
105,CarboneumOxygenisatum,heavinessHead,,cerebrelCongestHallucinateVisionHearingTouch,,,stickPain,,,,,,,,,,,HallucinateInclinationToTurnInCircle,,,,,,,inclinationTurnCircleHallucinateVisionHearTouch,,,,,,,,,,,,,,,,
106,CarboneumSulphuratum,HeadacheAndDizzy,,,,,,,,,HeadacheAndDizzy,,earLipMouthTongue,,,ulcerLips,earFeelObstructed,,,,,,,,,,AcheAsFromTightCap,,,,AnasthaesiaMouthTongue,,,,,,,,,,
107,CardusMarianus,dullHeavyStupidFoulTongue,,,,,,,,,withTendencyFallForward,,FallEyeTongueNose,,noebleed,,,,,,ContaractEyebrowsBurnPressure,,,,DullStupidheavyFoulTongue,,ContractFeelAboveEyeBrow,,,,,,,,,,,,,,
108,Carlsbad,,,,,,AchesSwollenTempVeinSangunaria,,,betterMotionOpenAir,,,TempVeins,,,,,,,,,,,,,,,,,,,,,,,,,,,,
109,Causticum,,,feelEmptySpaceBetweenFHandBrain,painRtFrontalEminence,,,,,,,,,,,,,,,,,,,,,,FeelEmptySpaceBetweenFHandBrain,,,,,,,,,,,,,,
110,CedronSimarubaFerroginea,wholeBodyNumb,,,painAcrossFHworseWorkOnBlack,,painTempToTempAcrossEye,,,,,,FHeyeTempWholebodynumb,,,painwholeRtSideComeAt9am,RoaringEarsLikeCinchona,whole bodySeemsNumbWithHeadache,,,,,,,,,wholeBodyNumbWithHeadache,,,,,,,,,,,,,,
111,CenchrisContortrix,,,,LtFrontEminenceLtSideTeeth,,,,,,,,,,,,,,PainLtFrontEminenceLtSideTeeth,,AchingItcheyeSwellAroundEyes,,,,ForgetAbscentAlternateMood,,,,,,,,,,,,,,,,
112,CereusBonplandii,,painThroGlobeofEyeAndOrbitONOScedron,painAcrossBrainFromLtToRt,,,painAlongRtMalarBoneRunToTemple,,,,,,,,,,,,,,,,,,,,,,,,,,,,,,,,,,
113,Chamomilla,oneHalfBrainThrobbing,,ThrobbOnehalfBrain,hotCalmySweatAndScalp,,,,,,,,onehalfbrainScalpFH,InclinedBendHeadBackward,,,,,,,,,,,,,,,hotCalmySweatFHandScalp,,,,,,,,,,,,
114,ChelidoniumMajus,RtSideNumb,IcycoldOccFromNapNeckHeavyLead,heavyalethorgicDrowsyMarkedWithNumbness,,,,,,,withHepaticDisturbFallFarwardInclination,,,,,neurolgiaRtCheekRtEyeRtEar,RtSideheadachedownBehindEarShoulderBlade,excesiveLacrymationprecededByPinInLiver,,,neurolgeRtEarCheekBoneWithExcesiveLacrymation,,,,,,,,,,,,,,,,,,,,
115,ChenopoiGlauciAphis,,,seemsSwashedHitherAndThither,,,,,,acheWorseMotion,,,brainNostrilsEarFaceRtOrbitTeeth,,CoryzaBurnBiteInNostril,yellow,noiseEarAsofCannon,,acheRelivedWarmSweatExtendEatTempleCheekBonne,,RtOrbitNeurolgiaWithLacrymationProfuse,,,,SadAcheWorseMotion,,,,,,,,,,,,,,,,
116,ChimaphiliaUmbellata,,,,painLtFrontalProtuberence,,,,,,,,Fheye,,,,,HaloAboutLight,,,LidItchStabPainLtEyeLacrymation,,,,,,,,,,,,,,,,,,,,
117,ChininumArsenicosum,dullHaevyFrontOccipital,DullHEeavyAndFrontal,TiredFeelFullThrobbAnxietyIrritable,DullHeavyFrontalAndOccipital,,,,,,WorseLookUp,,Fhoccipit,,,,,,,,,,,,,,DartingPainRunUpIntoHead,,,,,,,,,,,,,,
118,ChininumSulhuricum,FHandTempIWorseLtSide,,,FrontalTempleIncreaseNoon,,FrontalTempleIncreaseNoon,,,worseNoon,vertigoPulsation,,FHoccipitEye,,,,,inabiltyStandAmaurosisMalarialOriginFallInStreet,,,,,,,,,,,,,,,,,,,,,,,
119,Chionanthus,,,,DullFrontalacheRootnoseOverEyeThroTemp,,throTempFrontalAche,,,worseSoopMotionJar,,,,,painOverRootNoseFrontaHeadacheThroTemple,,,,,,yellowConjunvtivaPainOverEye,,,,,,,,,,,,,,,,,,,,
120,Chloralum,MorningHeadache,worseFHalsoOCConMotion,,worseForeHeadAlsoInOccMotion,,feelHotBandDrawnTempleToTemple,,,betterOpenAir,,,,,,,hearsVoices,,,,,,,,,,,,,,,,,,,,,,,,
121,Chloroformum,,,deleriumExciteViolencePredominate,,,,,,,,,,,,convulsiveMomentFaceMuscleExtermities,,headDrawDownuponShoulder,,,opendClosedRapidlyPupilContracted,,,,,,,,,,,,,,,,,,,,
122,CicutaVirosa,,,cerebroSpinalMeningitis,,,,,,headSympReliveFlatusEmission,withGastrolgiaMuscularSpasm,,CerebroSpineGastricMuscleBrainFlatus,turnedTwistedOneSide,,,,suddenViolentShockThroughHead,,,StaresPersistantlyAtObject,,,,convulsionFromConcussionBrain,,violentShockThroughHead,,ThickYellowScabOnHead,,,,,,,,,,,,
123,CimexAcanthia,headacheByDrinking,,,painUnderRtFrontalBone,,,,,,,,,,,,,wouldLikeToTearEverythingToPieces,,,,,,,greatRageVehementBeginningChillyStage,,,,,,,,,,,,,,,,
124,CimicifugaRacemosa,shootThrobAfterWorry,,AfterWorryShootThrobHeadacheUtReflex,,,,,,,,,mindEarUt,,,,TinnitusSensitiveLeastNoise,wavySensationOrOpeningShuttingSenseBrain,,,,,,,brainFeelTooLargePainOverStudyUtReflex,,pressingOutwardPain,,,,,,,,,,,,,,
125,Cina,AlternateWithPainAbdomen,,,,,,,,PainbetterStoopingHeadAbdomen,,,AbdomenEye,,,,,,,,painHeadByUsingEYE,,,,,,,,,,,,,,,,,,,,
126,Cinchona,IntenceThroobHeadAndCarotid,,SensAsifBrainBalanceToAndFroStrikeAganistSkullGreatPain,,,AchesOpenAirFromTempleToTemple,,SpasmodicAcheInVertexAsifBruisedInSidesHead,RelivedFromPressureWarmRoom,DizzyWhenWalk,,,,,FlushedAfterHaemorrhageSexualExcessLossVitalFluid,,WorseContactCurrentAirStepping,,,,,,,,,,,sensitveWorseCombAirStepping,,,,,,,,,,,,
127,CinnabarisMercuriouSulphuratus,CongestionHead,,,,,,,,,,,,,,PurpleRed,,,,,,,,,,,,,,,,,,,,,,,,,
128,ClematisErecta,,EruptionOccAtBaseHairMoisPustularSensitiveItch,ConfusedFeelBetterOpenAir,,,BoringPainInTempls,,,,,,,,,,,,,,,,,,,,,,EruptionOcciputBaseAirPustulesSensitiveItch,,,,,,,,,,,,
129,Cobaltum,AcheBendFarward,,,,,,,,WorseBendFarward,,,,,,,,,,,,,,,,,,,ItchHairyAndBeard,,,,,,,,,,,,
130,Coca,preceedByFlashLightAndHighAltitude,shockComeFromOcciputWithVertigo,,likeBandAcrossForehead,,,,,,HeadacheWithVertigoPreceededFlashOfLight,,,,,,noise,FainFitClimbMountain,,,diplopia,,,,,,,,,,fissured,,,,,,,,,,
131,Cocaina,RoaringAndNoisesInHead,,,,,,,,,,,EarEyeSensation,,,,hearingGreatlyIncreased,,,,pupilDilated,,,,,,throbbAndBurstEensation,,,,,,,,,,,,,,
132,CoccienellaSeptempunctata,periodicalAttackFrontalNeurolgia,AcheTempToOcciput,,PainFHoverRtEyeSensTouchSuperiorMolar,,AcheTempleToOcciput,,,betterSleep,,,FhOccTempTeethEyeMolarface,,,RushBloodToFace,,,throbbColdSensationTeethMouth,,CannotOpenEyesDuringParaoxysm,,,,,,painWorseFromBrightObject,,,,,,,,,,,,,,
133,Cocculus,CarriageRidingCannotLyeBackHead,AndNapeAndWorseLyeOnBack,,,,,,,worseLyeOnBack,,,ridinSittinggocciNapePupil,,,,,openAndShutSensInOccTrembeHead,,,painEyeAsifTornOutOfHeadPupilContract,,,,,,trembleHead,,,,,,,,,,,,,,
134,CoccusCacti,WorseLyeOnBackBetterHeadHeigh,SubOcciputSoreWorseAfterSleepExertion,,,,,,,,,,BackheadEyeSubocciutSleepMrning,,,,,SensFBbetweenUpperLidAndEyeball,,,DullPainRtEyeMorningDistressCindersLdgeInEye,,,,,,,,,,,,,,,,,,,,
135,CochleariaArmoracia,,,anxietyDrivenToDespairPain,pressingPainAsifFrontalBoneWouldFallOut,,,,,,,violentVomitWithHeadache,FrontalBoneVomitHearing,,,,impairedHearing,,,,,,,,thinkDifficult,,,,,,,,,,,,,,,,
136,Codeinum,,painOcciputToBackNeck,,,,,,,,,,,,,SkinFaceScalpSoreAfterNeurolgia,,,,,,,,,,,,,ScalpFaceskinSoreAfterNeurolgia,,,,,,,,,,,,
137,CoffeaCruda,TightPainWorseNoiseSmellNarcotic,,AsifBrainTornToPiecesAndAsifNailDrivenHead,,,,,,WorseOpenAir,,,,,,,SensitiveHearing,,,,,,,,,,,,,,,,,,,,,,,,
138,Colchicum,ChieflyFrontalTemporalOcciput,occiputAndNapeNeckWorseAfternonEvening,,ChieflyFrontalAndTemporal,,ChieflyFrontalAndTemporal,,,WorseAfternoonEvening,,,FrontaTempOccipNapeneck,,,,,ChieflyHeadacheFrontTempOCCIworseAfternoonEvening,,,,,,,,,,,,,,,,,,,,,,,
139,CollinsoniaCanadensis,ChronicCatarrahDullFrontal,,,DullFrontalHeadacheSuppressedHaemorrhoid,,,,,,,,haemorrhoidCatarrahTongue,,ChronicCatarrahDullHeadacheFrontal,,,,,,,,,,,,,,,,yellowCoatedBitterColocynthBryonia,,,,,,,,,,
140,Colocynthis,LateralCuttingHeadacheWith,,,frontalWorseStoopLyeBackAndMoveEyeLid,,,,,,VertigoTurnHeadLeft,WithNauseaVomitigWithLateralHeadache,LatheadVomitFrontScalpVertigo,,,,,painBetterPressureHeatBurnDiggRendingTear,,,,,,,,,,,withSorenessScalp,,,,,,,,,,,,
141,Conium,StupifyWithNauseaAndVomitMucus,DullPainOnRisingMorning,,,,TightBothTempleCompressedWorseAfterMeal,,ScorchedFeelnTop,,lyingTurnSidesInBedShkehead,,templeTurnEyeHeadBodyOcci,,,,,vertigoLyingTurnShakeheadNoiseConverseOthersEspTowardLeft,,,,,,,,,WithfeelAsFrigenbodyUnderSkull,,,,,,,,,,,,,,
142,ConvallariaMajalis,DullWorseAscendHawking,,dullIntelectGrivesHystericalManifest,,,,,,,,,HeadScalpMind,,,,,,,,,,,,,,,,SensitiveIrritable,,,,,,,,,,,,
143,Copiva,,painOcciput ,,FHpassesToOcciAndBackWithTrobWithRtSideAndMotion,,,,,,,,OcciFHearScalpBack,,,,sensitiveToSharpSounds,,,,,,,,,,ExcessiveSensitiveness,,Sensitive ,,,,,,,,,,,,
144,Corallium,,,,DeepSeatedFHwithSeverPainBackEyeballs,,,,ViolentPainAsifParietalBoneForcedApartWorseStoop,painAggByBreathColdAirNose,,,parietalFHeyeballsNose,,breathingColdairThroughNose,,,,,,jeadacheSeverpainBackEyeballs,,,,,,,,,,,,,,,,,,,,
145,Crataegus,nervousBcakheadNeck,,ApprehensiveDespondent,,,,,,,,,mindNervousBackNeckEyeNose,,nasalDischrges,,,VeryNervousIrritableWithPainBackHeadNeck,,,conjuctivalIrritationNasalDischarge,,,,MentalDullConjunctivalIrritateNasalDischarges,,,,,,,,,,,,,,,,
146,CrocusSativa,throbbPulsateDuringClimacteric,,,,,,,,WorseDuringMenses,,,ClimatericMensesThrobbPulsation,,,,,throbbPulsateDuringClimactericWorseDuringMenses,,,,,,,,,,DuringClimactericAndDuringMenses,,,,,,,,,,,,,
147,CrotalusHorridus,MustWalkOnTipToeToAvoidJarring,dullHeavyRtSideOcciPainRtEye,,,,,,,,withWeaknessTrembling,,RTocciRtEyeHeartLyingLt,,,,,,,,OcciPainRtSideAndRtEye,,,,,,,,,,,,,,headacheWithPainInHeartLyeOnLeftSide,,,,,,
148,CrotonTiglium,,,,preesingPainFHespOrbits,,,,,,,,ForeheadOrbits,,,,,,,,preesPainFHespOrbits,,,,,,,,,,,,,,,,,,,,
149,CuprumAceticum,,,seemsVoideInclineGapCryLossConcious,ViolentThrobbLancinatePainLtSideBrowAuge,,NeurlgiaFHtempleHeavyBurnStingStitch,,,,,,FheadTempLtBrowTongueMind,,,,,headReelsWhenHeighCeieledRoom,,,LtSideBrowAgue,,,,,,,,,,ConstantProtrudeAndRetractionLachases,,,,,,,,,,
150,CuprumMetallicum,BruisedPainInBrainAndEyes,,mallaciousMoroseUseNotIntendedWords,,,,,,,giddyManyAilmentHeadFallOnChestFarward,,meningitisBrainGiddy,,,,,emptyFeelPurpleSwellHeadWithConvulsion,,,bruisedPainEyeAndBrainTurnMenengitis,,,,fearEmptyFeelMallaciousMorose,,AsifWaterPouredOnHead,,,,,,,,,,,,,,
151,Curare,lancinatePainAllOverHead,,BrainFeelFullFluid,,,,,,,,,headHairBrain,headDrawnBackward,,,,,,,,,,,,,,,hairfall,,,,,,,,,,,,
152,Cyclamen,onesideHeadache,,depressionWeepDesireTobeAlone,,,,,,WorseOpenAir,thingsTurnCircleBetterWarmroom,,onesideHeadEarEyesNose,,sneezWithITCHinEars,,frequentSneezWithSneezEars,,,,AcheMorningFlickeBeforeEyesSneezItchEar,,,,terrorConscienceGrivesDutyNeglect,,,,,,,,,,,,,,,,
153,Cypripedium,elderlypeopleChild,,,,,,,,,,,childnightWakeElderlyPeople,,,,,headaceElderlyAtClimactericChildCryNightOnWakeLaughAnndPlay,,,,,OnWakeLaughAndPlay,childCryAtNight,,,,,,,,,,,,,,,,,
154,DaphneIndica,HeatInHead,,,,,,,heatInHeadEspInVertex,,,,,,,,,feelAsifSkullWouldBurstOrSeparatedFromBody,,,,,,,,,foulSmellPtyalismHot,,,,CoatedOneSideOnlyRHUSTOX,,,,,,,,,,
155,Digitalis,heavynessAsifFallBack,,,sharpShootPainExtNoseDrinkColdWaterIceCream,,,,,,WalkRisingCardiacHepaticAffection,,noseSleepTongueLiverCardiacFront,,frontalPainExtendToNose,bluish,,,,,,,,,confuseFullnessAndNoiseInHead,,heavinessFallbackCrackSoundSleep,,,,blueTongueAndLips,,cracklingSoundsDuringNap,,,,,,,,
156,DiascoreaVillosa,,,,,,dullPainBothTempleBetterPressure,,,betterPressureWorseAfterwards,,,,,,,,,,,,,,,,,buzzingInHead,,,,,,,,,,,,,,
157,Drosera,,,,,,,,,,WalkOpenairInclineFallLeftSide,,,,,ColdnessLeftHalfFaceWithStingPainAndDryHeatRtHalf,,,,,,,,,,,,,,,,,,,,,,,,,
158,Duboisia,,,,,,,,,,,,,,,,,,,,impossibleStandEyesShutTnendToFallBackward,,,,,,,,,,,,,,,,,,,,
159,Dulcamara,,occPainAssendFromNapeneck,headacheRelivedByConversationRejectThingAskedFor,,,,,,backHeadChillyHeavyAcheColdWeather,,,occiScalpMind,,,,,,,,,,,,mentalConfusion,,buzInHead,,ringwormThickbrownCrustBleedOnScratch,,,,,,,,,,,,
160,EchinaceaRudbeckia,AchesPeculiarPeriodicalFlushFace,,confusedDepressed,,,,,,,dizzyProfoundProstration,,,,,FlushFaceExtendToNeck,,,,,,,,,,,,,,,,,,,,,,,,,
161,ElapsCorallinus,FullnessHeadViolentHeadache,FromFHtoOCCIfirstOneEyeThenOther,,FHtoOCCIweightAndPainFH,,,,,,tendencyFallForward,,FHocciEyesEarVertigo,,,,painEars,,,,headacheFHtoOcciFirstOneEyeThenOther,,,,,,,,,,,,,,,,,,,,
162,EpiphegusOrobanche,deviateFromOrdenaryPursuits,,nerveTireMentalPhysicalExertPreceedsByHunger,,,pressPainTempWithoutInwardWorseLeftSide,,,,,,exertMentalPhysiqTempTongueSpitSaliva,,,,,,,,,,,,byMentalPhysicalExertPreceedByHunger,,,,,,viscidSalivaConstantInclineSpit,,,,,,,,,,
163,Eriodictyon,,pressureOutwardWorseOcciput,,,,,,,,DizzyIntoxicated,,mouthThroatNoseEarsocciDizzy,,coryzaWithDizzyAndSneez,,painInEars,,,,,,,,,,,,,,foulMouthMorning,,,burningThroat,,,,,,,
164,EucalyptusGlobulus,dullCongestiveHeadache,,exhilarationDesireExercise,,,,,,,,,excerciseNoseEyeThroatBrain,,coryzaSoreThroat,,,,,,smartBurn,,,,,,,,,,,,,,,,,,,,
165,eugeniaJambos,worseLyeRtSide,,talkative,,,,,,,,,eye,,,,,asifBoardLyingRightSide,,,hotLacrymation,,,,,,,,,,,,,,,,,,,,
166,EuonymusAtropurpurea,BilliousHeadache,,,heavyFrontalSoreTiredFeel,,,,,,obscureVisionGatricDerangeWithAlbuminaria,,,,,,,visionObscureAndGastricAssociatAlbuminari,,,PainRtEyeExtBackHeadHAoverBrows,,,,,billiousHeadaceConstipation,,,soreTiredBruisedFeel,,billiousHeadacheCoatedBadTasteConstipation,,,,,,,,,,
167,EupatoriumPerfoliatum,thrbbingPainPeriodical,painAfterLyingDownWithSenseWeight,,,,,,TopAndBackPainSoreEyeBall,,SenseFallLeft,bile,,,,,,,,,,,,,,,pressureAsifCapOfLeadPressedWholeSkull,,,,,EveryThirdAndSeventhDay,,,,,,,,,
168,EupatoriumPurpureum,leftSidedWithVertigo,painLtShoulderToOcciput,,,,,,,beginMrningWorseAfternoonEveningColdAir,LtSideHeadacheWithVertigo,,occiVertigMornEveAfternoon,,,,,,,,,,beginMorningWorseAfternoonEvening,,,,,,,,,,,,,,,,,,
169,Euphorbium,violentPassiveHeadache,,AcuteMania,,,,,,,,,maniaPassiveHeadache,,,,,,,,,,,,,,,,,,,,,,,,,,,,
170,Euphrasia,CatarrhalBurstingAndDazzling,,,,,,,,,,,,,catarrhalProfuseNaselAndEyeDischarge,,,,,,burstingheadacheWithDazzlingEye,,,,,,,,,,,,,,,,,,,,
171,Eupion,,,,pailfullPulsationInForehead,,,,stitchFromVertexDownLimbIntoAbdoAndGenitalsVerexHeat,,everythingTurnRoundSitUpBed,,vertexLimbAbdoGenitalFH,,,,,sorrPainFULLspotsOnHead,,,,,,,,,,,,,,,,,,,,,,,
172,Fagopyrum,painDeepUpwardPressure,occiHeadache,depressedIrritableCerebralHyperaemia,,,,,,,,,occiEyesEarsNeckDeephead,headHotBetterBendBackWithTiredNeck,,,itchinEyesEarsAndAroundEyesEars,BurstingPainCerebralHypraemia,,,itchEarEyesInAndAround,,,,InabilityStudyOrRemember,,,,,,,,,,,CerebralHyperaemia,,,,,
173,FerrumMet,stingHammerPulsateCongestive,painBackHeadWithRoaringNeck,,,,,,,,seeFlowWater,,occiEarsMensesHairTeethNeckExtermVertigo,,,,ringing BeforeMenses,,painExtenTeethWithColdExtermities,,,,,,,,,,painfullMustTakeDownHair,,,,,,,,,,,,
174,FerrumPhos,SoreToTouchColdNoiseJar,,,,,,,,headacheBetterColdApplication,vertigo,,bloodRushThrobbSore,,,,,illEffectsSunHeatRushBloodToHead,,,,,,,,,throbbing sensation,,,,,,,,,,,,,,
175,FicusReligiosa,vertigoSlightHeadache,,meloncholicQuite,,,,,burning,,vertigoSlightHeadache,,brainVetigoHeadache,,,,,,,,,,,,,,,,,,,,,,,,,,,,
176,FluricumAcidum,pressureSidesWithInOutward,,,,,,,,worseWarm silicWorseCold,,,AlopeciaOssicleMastoidSkinHeadSidesExostosis,,,,,AlopeciaCarriesSkinOssicleMastoidCopiousDischargeExostosis,,,,,,,,,,,AlopeciaSkinCarries,,,,,,,,,,,,
177,Formalin,,,,,,,,,,vertigo,,noseEyesVertigo,,CoryzaEyesWatery,,,,,,eyesWatery,,,,,,,,,,,,,,,,,,,,
178,FormicaRufa,,,feelsHeavyAndLarge,SensationAsifBubleBurst,,,,,,vertigo,,brainEarVertigoNoseRhIritisEvening,,CoryzaStuffyPolypi,,,Exhillarated,,,,,,,,,,,,,,,,,,,,,,,
179,FraxinusAmericana,,throbbPainBackHead,depressionWithNervousRestlessness,,,,,HotSpotOnTopHead,,,,,,,,,,,,,,,,Anxiety,,,,,,,,,,,,,,,,
180,GallicumAcidum,,painBackHeadAndNeck,,,,,,,,,,occiNoseEyeLid,,thickStringyDischarge,,,,,,photophobiaWithBurningLids,,,,,,,,,,,,,,,,,,,,
181,GambogiaGarciniaMorella,heavyWithInertiaAndDrowsy,,,,,,,,,,,EyesLidsNose,,lidsStickTogetherWithSneezing,,,,,,itchBurnLidsStickTogetherWithSneez,,,,,,,,,,,,,,,,,,,,
182,Gaultheria,neurolgiaHeadAndFace,,,,,,,,,,,HeadFace,,,neurolgiHeadAndFace,,,,,,,,,,,,,,,,,,,,,,,,,
183,Gelsemium,,heavynessAroundOcciput,,,,painTempExtendWingNoseChin,,,betterpressHeadHigh,spreadFromOcci,,wingsEyeOcciTempScalpSleepUrination,wantsHeadRisedOnPillow,,,,withMuscularSoreNeckAndShoulder,,,precededByBlindnessBetterProfuseUrination,,,,,,,,soreToTouch,,,,deliriousOnFallingAsleep,,,,,,,,
184,GentianaLutea,,,BrainFeelsLooseHeadTender,betterEatingAndOpenAir,,,,,,worseRisingOrMotionopenAirBetter,,FHEyeBrainEatOpenAir,,,,,,,,AcheEyes,,,,,,,,,,,,,,,,,,,,
185,GeraniumMaculatum,SickHeadache,,,,,,,,,giddyWithDiplopiaBetterCloseEye,,GiddyPupilEyeHeadache,,,,,,,,ptosisAndDilatedPupils,,,,,,,,,,,,,,,,,,,,
186,Ginseng,SemiLateralHeadache,occi,,,,,,,,withGraySpotBeforeEye,,semilateralOcciGiddyLidsVission,,,,,vertigoSemilateralOcciDifficultOpenLids,,,EyeObjectDoubleDifficultLidsOpen,,,,,,,,,,,,,,,,,,,,
187,Glonoine,throbbAngioSpasticNeurolgia,,heatFeelLargeAsifSkullSmallForBrain,,,,,,betterUncouerHead,congestdizzyUprightPosition,,headSunheatFaceVertigoRushbloood,,,angiospasticNeurolgiaHeadFace,,SunStrokeHeatOnHeadCannotBearAnyHeatOnHead,,,,,,,thretendMenengitisApoplexy,,increseDecreaseWithSun,headacheInplaceMensesRushbloodHeadInPregnent,,,,,,,,,,,,,
188,Glycerinum,severeTwoDaysBeforeMenses,occiputFeelsFull,mentallyConfusedFeelsFullThrob,,,,,,,,,,,,,,,,,,,,,,,,TwodaysBeforeMensesSevereHeadache,,,,,,,,,,,,,
189,Gossipium,NeckpainCervicalTendToHead,,,,,,,,,,,cervicalHead,TendencyToDrawBack,,,,painNecktendencyToHeadToDrawBackWithNervous,,,,,,,,,,,,,,,,,,,,,,,
190,Granatum,feesEmpty,,,,,,,,,vertigoPersistent,,,,,,,,,,SunkenEyePupilDilateSightWeak,,,,,,,,,,,,,,,,,,,,
191,Graphitis,wakeMorningOnesideInclineVomit,,,sensationCobweb,,,,burningOnVertex,,,inclineVomitOnWakingMorning,vomitMorningWakeFhOneSideTeethNose,,nosebleedWithDistensionFlatulence,RushBloodFlushedNosebleed,,catalepticCondition,RhPainOneSideExtendTeethNeck,,,,morningOnWakeOnOnesideInclieVomiting,,,,feelsNumbAndPithy,,humidItcheruptScalpFetidOdor,,,,,,,,,,,,
192,Gratiola,sickHeadache,,SensationAsifbrainContractAndHeadBecameSmaller,TightnessFHwithWrinkleInSkin,,,,,,,,MyopiaRushbloodeyemyopia Fhbrain,,,,,,,,rushbloodVanishSightDryBurnMyopia,,,,,,,,,,,,,,,,,,,,
193,Grindelia,feelfullAsfromQuinine,,painEyeballsRunBackBrainWorseEyeMove,,,,,,,,,BackbrainEyeballsPupilIris,,,,,purulentOptholmiaAndIritis,,,eyeballpainBackbrainWorsemovePupilDilate,,,,,,,,,,,,,,,,,,,,
194,Guaco,headacheRedface,,,,,,,,,,,faceTongueHeavyMove,,,headacheRedface,,,,,,,,,,,,,,,HeavyAndDifficultyMovingTongue,,,,,,,,,,
195,Guaiacum,goutyRhpainExtendFaceNeck,,painEndinStitchEspecialyInHead,,,,,,worseColdWetWeather,,,RhGoutyNeckEarwetweather,,,,achingLeftEarPainOftenEndInStitchEspHead,tearingPainSkullPainEndinStitchEspInHead,,,,,,,,,feelSwollenBloodVesselDistended,,,,,,,,,,,,,,
196,Guarea,,,sensationAsifBrainfallFarwardAsfromblowOnHead,,,,,,,,,sensationfallfarwardBlow,,,,,,,,,,,,,,fallfarwardAsfromblowOnHead,,,,,,,,,,,,,,
197,Haematoxylon,feelConstrictHeavyHot,,,,,,,,,,,constrictEyelid,,,,,,,,eyelidsHeavy,,,,,,,,,,,,,,,,,,,,
198,Hamamalis,,,,numbOverFrontalBone,,feelAsifboltFromTempleTotemple,,,,,,templeNoseEpistaxis,,fullnessFollowEpistaxix,,,,,,,,,,,,,,,,,,,,,,,,,,
199,Hedeoma,,,weakFaintBetterLyingdown,,,,,,,,,PainSoreCutWeak,,,,,,,,,,dullHeavyFeelMorning,,,,sorepainAsfromCut,,,,,,,,,,,,,,
200,Helleborus,stupyfyheadache,dullpainOcciSensWaterSwashInside,moaningSuddenScreems,foreheadWrinkledInFolds,,,,,,,headacheCulminatesVomiting,FHocciDayNighthandsVomit,boresHeadIntoPillowBeatItWithHand,,,,coldsweat,,,,,RollsHeadDayNightMoneScream,,,,,,,,,,,,,,,,,,
201,Heloderma,,painstartRtEarExtBackhead,veryDepressedAsifFallRtSide,,,,,,,,,,,,,painBeginRtEarExtRoundBackheadLtEar,sensationAsifWouldFallRtSide,,,eyeLidsHeavy,,,,,,coldbandAroundColdPressureWithinSkull,,,,,,,,,,,,,,
202,Helonias,,,headacheBetterMentalExertion,,,,,BurningSensationOnTop,,,,,,,,,,,,,,,,,,,,,,,,,,,,,,,,
203,HeparSulphurisCalcarium,coldSweatOnhead,,,,,borinPainRtTempRootNoseMorning,,,,vertigoAndHeadacheRidingShaking,,,,painRtTempAndRootNoseEveryMorning,,,humidScaldheadItchAdBurn,,,,,,,,,,,sensitiveAndSore,,,,,,,,,,coldSweatOnHead,,
204,HeracleumBrancaUrsina,sickheadache,,,,,,,,betterTyingCloth,,,tieupClothSweatScalpHead,,,,,,,,,,,,,,,,seborrhoeaCapitis,,,,achesWithDrowsyWorseMoveOpenAir,,,,,,muchFttySweatHeadViolentItch,,
205,HippuricAcid,,,,,,,,,worseWarmRoom ,,,Eye,,,,,,,,painRtEyelidInflameSwolenWorseWarmRoom,,,,,,,,,,,,,,,,,,,,
206,Hydrastis,,,,dullPressingConectConstipateFH,,,,,,,,FHeczemaContipateNeckScalpNose,,sinusitisAfterCoryza,eczemaFHalongHairline,,MylagicpainScalpAndNeckMuscle,,,,,,,,frontalpainEspConectConstipation,,,painScalpNeckMuscle,,,,,,,sinusitisAfterCoryza,,,,,
207,HydrocyanicAcid,stypefyingViolentHeadache,,brainFeelsOnFire,,,,,,,,,headFaceOrbitPupilBrain,,,supraOrbitNeurolgiaFlusSamesideface,,,,,pupilDilatMotinoless,,,,,,,,,,,,,,,,,,,,
208,Hydrphobinum,chronicHeadchae,,LyssphobiaFearBecomingMadeEmotionNewsAggravte,boriningPainFH,,,,,,,,FHLyssophobiaHyperSense,,,,,,,,,,,,emotionNewsThinkingFluidsAggravate,,hypersensitivenessOfAllSenses,,,,,,,,,Lyssophobia,,,,,
209,Hyoscyamus,headShakeToAndFro,,inflamationBrainWithUnconciousness,,,,,,,vertigoAsifIntoxicated,,headBrain,,,,,,,,,,,,feelLightAndConfused,,,,,,,,,,,,,,,,
210,Hypericum,heavyFeelTouchIcyColdHead,,brainSeemsCompresed,,,,,throbbingVertexWorseWarmRoom,,,,brainVertexFaceEyeToothSkullHair,,,RtSideFaceAches,,InFracturedSkullBoneSplinters,facialnerolgiaTootachePullTearSadness,,painInEyesAndEars,,,,brainFogNeurastheniaBrainfeelAlive,,headFeelLongerElongatedToPoint,,HairFall,,,,,,,,,,,,
211,Iberis,,vertigoAsifOcciputTurningAround,,,,,,,,vertigAndPainAroundHeart,,,,,HotFlushed,,,,,eyeFeelForcedOutward,,,,,,ConstantHawkThicStringMucusUntillAfterMeal,,,,,,,,,,,,,,
212,Ichthyolum,DullAchebetterColdPressure,,,dullFrontalSupraOrbital,,,,,worseMoveeyeColdairbetterWarmth,,,dullFHsupraOrbitalEye,,,,,,,,frontalSupraorbitalHeadache,,,,,,,,,,,,,,,,,,,,
213,Ignatia,headacheCongestFollowangerGrief,,,,,AsifNailDrivenOutThroughSides,,,worseSmokeSmellTobacoInclineHeadFarward,,,mindCongestTemple,inclineHeadForward,crampLikePainOverRootNose,,,,,,,,,,congestheadachefollowFearAnger,,,,,,,,,,,,,,,,
214,Indigo,,,sensationAsifBrainFrozenheadFeelFrozen,sensBandAroundForehead,,,,hairFeelsPulledFromVertex,,vertigoNausea,,brainVertexHairNightVomit,,,,,convulsion,,,,,,GloomyCryAtNight,,,undulatSensationthroughWholeHead,,,,,,,,,,,,,,
215,Inidium,burstingDuringStool,,,dullPainFHandTempnauseaWeaknessSleepy,,dullPainFHandTempnauseaWeaknessSleepy,,,,,nausea weaknessSleepy,stoolFHTempStoolNauseaStomach,,ViolentAttackOfSneezing,,,sexualPsycopathy,,,,,,,,painHeadAtStrainingStool,,,,,,,,,,,,,,goneFeelInStomach11AM,
216,Indol,,dullOcciAndFrontalAfternoon,,FHAndOcciAfternoon,,,,,,,,FHocciEyeballsPupilsAfternoon,,,,,dullSenseyeEyeballsHothurtOnMove,,,pupilDilateWithheadacheDullsenshotHurtMove,,FrontAndOcciHeadacheAfternoon,,,,,,,,,,,,,,,,,,
217,Inula,throbbingAfterEating,,,pressureTempleAndForehead,,pressureTempleAndForehead,,,,vertigoOnStooping,,FHTempleEatingthrobVertigoStoopig,,,,,,,,,,,,,,,,,,,,,,,,,,,,
218,Iodoformum,sharpNeurolgicpainMeningitis,itchOcciput,,,,,,,,,,nerolgiaHeavyOcciSleepMeningitis,heavyAsifcouldnotLiftFromPillow,,,,,,,,,,,,,headfeelHeavyAsifCouldnotLiftFromPillow,,itchingOcciput,,,,interuptedBySighingAndCriesVerydrowsy,,,meningitis,,,,,
219,Iodum,ChrHeadacheOldpeople,,,,,,,,,worseStoopInWarmRoom,,ChrOldpeoplebandVertigoblood,,,,,,,,,,,,,,ThrobbRushbloodFeelTightBand,,,,,,,,,,,,,,
220,Ipecacuanha,AsifSkullboneCrushed,,,,,,,,,,,skullboneTeetRootTongue,,,,,,painExtendsTeethRootTongue,,,,,,,,feelSkullboneCrushedOrBruisedpainExtend,,o,,painExtendsTeethAndRootTongue,,,,,,,,,,
221,Iridium,woodenyFeelRtSideHead,,difficultConcentrationThought,,,,,,,,,RtSideHeadScalpNoseMind,,profuseWateryCoryzaBetterIndoorOzaena,,,,,,,,,,SensAsifMindVoidThoughConfused,,WoodenyFeelRtSideHead,,RtSideScalpSensitive,,,,,,,,,,,,
222,IrisVersicolor,sickHeadacheWorseRest,,,FHwithNausea,,RtTempleEspAffected,,,sickheadacheWorseRest,,FrontalheadacheWithNausea,headMindRtTempFHscalpEyeNausea,,,,,,,,headacheBeginsBlurEyes,,,,beginBlurEyeafterRelaxAftermentalStrain,,,,feelConstrictPustularEruption,,,,,,,,,,,,
223,Jacaranda,coryzaWithHeavyHead,,,VertigoRiseWithHeavyForehead,,,,,,vertigoOnRisingHeavyFH,,vertigoFHeyeNose,,CoryzaWithHeavyHead,,,,,,eyesPainInflamedAndWatery,,,,,,,,,,,,,,,,,,,,
224,JonosiaAsoca,unilateralHeadache,,,,,,,,,,,UTeyesNoseUnilateralHeadache,,catarrahProfuseWaterylossSmell,,,reflexUtHeadacheBetterOpenairAndFreeflow,,,painEyeballsSupraOrbitPainPhotophobia,,,,,,,UtCongestheadacheBetterfreeflow,,,,,,,,,,,,,
225,JuglansCinerea,dullFullHead,sharpOccipitalHeadache,,,,,,,,,,dullheadEyelidOcciscalp,,,,,,,,pustulesOnLidsAndArroundEyes,,,,,,headFeelsEnlarged,,EruptionOnScalp,,,,,,,,,,,,
226,JuglansRegia,,OccipitalSharpPain,,,,,,,,,,OcciEyeMind,,,,,,,,styes,,,,cofusedFeelAsifHeadWereFlowingInAir,,,,,,,,,,,,,,,,
227,JusticiaAdathodaBasaka,HotFullHeavyHeadCoryza,,,,,,,,,,,headEyeNoseTasteCoughsmell,,lacrymatCoryzaFluentSneezConstant,,,CoryzaWithCoughLossSmelTaste,,,lacrymatWithConstantCoryza,,,,,,,,,,,,,,,,,,,,
228,KaliBichromicum,semilateralSmallSpot,,,frontalPainUsuallyOverOneEye,,,,,,withNauseaRisingFromSeat,VertigoWithNauseaRiseFromSeat,vertigoNauseaSpotEyeNoseFaceHeadlateral,,semilateraAcheSmallSpotSuppressedCatarrah,AchingFullnessGlabella,,,,,headacheEyebrowPrecededBluredVision,,,,,,boneAndScalpFeelSore,,,,,,,,,,,,,,
229,KaliBromatum,numbFeelHead,,brainFag,,,,,,,,,brainNoseThroatSensFaceHead,,coryzaTendecyToExtendToThroat,faceFlushed,,,,,,,,,,,numbFeelInHead,,,,,,,coryzaTendencyExtendToThroat,,,,,,,
230,KaliCarbonicum,fromRideColdWindHeadacheWithYawning,AchingOnesideWithNauseaRideCarriage,,,,StitchTempleAcheOcci,,,FomRidingColdWind,vertigoOnTurning,occiOnsidedWithNausea,RideColdYawnOneSideTempOcci,,,,,DrynessHairfallHeadacheComeWithYawningRideInCold,,,,,,,,,LooseFeelingInHead,,drynesshairHairfall,,,,,,,,,,,,
231,KaliHydriodicum,ViolentPainThroughSidesHead,,BrainFeelEnlarged,,,,,,,,,CraniumLumpSidesNoseEyesFaceJaw,,painOverEyeAndRootNoseOverEyes,FacialNeurolgiaLancinatingPainUpperJaw,,craniumSwellupHardLumpHardNodesWithSeverPain,,,painIntenseOverEyesAndRootNose,,,,,,,,,,,,,,,,,,,,
232,KaliMuriaticum,headacheWithVomiting,,imagineHeMustStarve,,,,,,,,headacheWithVomiting,headVomit ScalpStarve,,,,,,,,,,,,imagineHeMustStarve,,,,crustalacteaDandruff,,,,,,,,,,,,
233,KaliNitricum,headacheWithVertigo,,Ennui,,,,,,,headacheVertigoFallRightsideBackwards,,FallRtBackScalpVomitStoopEnnui,worseStooping,,,,,,,,,,,Ennui,,,,ScalpVerySensitive,,,,,,,,,,,,
234,KaliPhosphoricum,,headacheBetterAfterRising,,,,,,,headacheBetterGentleMotion,fromLyingStandingStandsitLookup,,mindOcciGonefeelVertigo,,,,,studenHeadaceByFatgue headacheRelivedMotion,,,,,,,emtyGonefeelWearFtigueEmpty,,,,,,,,,,,,cerebralAnemea,,,withWearyEmptyGonefeel,
235,KaliSilicatum,,,,,,,,,,,,,,,,,,,,,,,,,,,,,,,,,,,,,,,,
236,KaliSulphuricum,RhHeadacheEvening,,,,,,,,,,,RhHeadacheScalp,,,,,,,,,,rRhHeadacheBeginEvening,,,,,,baldspotDandruffScalhead,,,,,,,,,,,,
237,KalmiaLatifolia,cardiacOriginHeadache,,confusion,painFrontTempHeadToNapeTeeth,,cardiacOriginPainFrontTemp,,,,worseStoopingVertigo,,cardiacOriginFHtempTeethNape,,,,,painFrontTempHeadToNapeAndTeethCardiacOrigin,painFromHeadToTeethNape,,,,,,,,,,,,,,,,cardiacOriginHeadache,,,,,,
238,Kreosotum,dullPain,OccipitalPain ZincGelsPic,,dullpainAsBoardPressAgainstFH,,,,,,,,OcciFhFemaleSensation,,,,,,,,,,,,,,asfromBoardPressAgainstForehead,menstrualHeadache,,,,,,,,,,,,,
239,Laburnum,,,StupificationIndiffrenceAcphos,,,,,,,constantVertigoGiddyintenseSleep,,sleepPupilsFaceStupifMind,,,twitchFacialMuscleAgaric,,,,,unequallyDilatePupils,,,,,,,,,,,,intenseSleepiness,,,hydrcephalus,,,,,
240,LacCaninum,PainFirstOnesideThenOtherside,occiShootingpainExtendFH,AsifBrainwereAlternatlyCotractedOrRelaxed,OcciPainExtendToFH,,,,,,,nauseaVomitingAtHeightOfVomiting,sensEyeEarEyeSidesHeightFH,AtHeightOfPositionHeadache,,,noisesReverberationOfVoice,,,,blurredvisionNauseavomiting,,,,sensationWalkOrFloatINair  STICTA,,,,,,,,,,,,,,,,
241,LacDefloratum,FHocciputMorningRising,,,FHtoOCCIRisingMorning,,,,,worseNoiseLightMotionMenses,,intenseThrobbWithNauseaVomiting,FHocciStoolEyeMroniBandageFemale,,,,,throbbNauseaVomitBlindConstpate,,,blindnessAndObstinateConstpate,,painFHtoOcciRisingMorning,,despondent,BlindnessAndObstinateConstipation,betterbandagingTightlyAndPressure,duringMensesWithGreaprostration,,,,,,,,,,,,,
242,Lachesis,painthroughOnAwakeWaveOfPain,,,,,,,pressureAndBurningVertex,wavePainWorseMoving,vertigo,,onsetDishargeHeadSunFemaleNose,,ReliefOnsetDischargeNaselCatarrahMenses,veryPaleFace,,sunHeadache,,,withheadacheFlickeringDimVision,,SunHeadache,,,,,ReliefOnsetDischargeMensesNasalDischarge,,,,,,,,,,,,,
243,Lachnantes,RtSidePainExtendJaw,,,,,,,,,,,sidesNosepalmsSoleScalpSleepJawFace,,bridgeNoseFeelAsifPinchedScal,circumscribedRedcheeks,,,,,,,,,,,headFeelsEnlargedWorseLeastNoise,,feelSoreAsifHaiaStandOnEnd,,,,sleepless,,,,,,,,BurningPalmsAndSoles
244,LactucaVrosa,headacheWithRespiratoryOrgans,,dullHeavyConfusedDizzy,,,,,,,,,FaceRespiratoryHead,,,faceheatHeadacheWithGeneralColdness,,,,,,,,,,,,,,,,,,,,,,,,,
245,Lamium,,,,,,,,,,,,FarwardBackwardFemale,headacheForwardBackwardMotionhead,,,,,,,,,,,,,,leucorrhoeaMensesScantyEarly,,,,,,,,,,,,,
246,LatrodectusMactans,,painNeckAndBackheadOcciPain,,,,,,,,,,mind neckOcci,,,,,,,,,,,,AnxietyScreemsWithPain,,,,,,,,,,,,,,,,
247,Lecithin,,AchesEspOcciputPulsatRingEars,,,,,,,,,,occiEarFaceZygoma,,,palePainZygomaRingingEarsPulsate,,,,,,,,,,,,,,,,,,,,,,,,,
248,Ledum,distressHeadCovered,,,,,,,,,whenWalkTendFallOneside,,,,noseBleed,,,,,,,,,,distressHeadCovered,,DistressWhenHeadCovered,,,,,,,,,,,,,,
249,Leptandra,,,,dullFrontalPain,,,,,,vertigoDrowsyDepression,,FHvertigoEyessleepMind,,,,,,,,smartingAchingInEyes,,,,drowsyDepressVertigo,,,,,,,,vertigoDrowsyDepression,,,,,,,,
250,LiliumTigrinum,HotDullHeavyFaint,,,,,,,,FaintWarmRoom,,,ModalitySensationHead,,,,,,,,,,,,,,WildFeelinInHead,,,,,,,,,,,,,,
251,Limulus,,,DepressionDifficultRememberNames,,,,,,,,,brainMindLteyeFace,,,confusedWithHeatBloodrush,,,,,painbehindLefteyeball,,,,worseWhenMeditating,,,,,,,,,,,,,,,,
252,LithiumCarbonicum,headacheCeasesWhileEating,,tensionAsifBoundBetterSittingGoingout,,,,,,,,,heartcheeksFaceBrainSensEarHead,,,bothcheeksCoveredDryBranLikeScales,DizzyStatesWithRingingEars,,,,,,,,,,extreemlySensitive TrembleThrobbing,,,,,,,,painheartExtendHead,,,,,,
253,LobelliaInflata,GastricHeadacheNauseaVomiting,,,,,,,,,vertigoWithFearOfDeath,gastricHeadacheNauseaVomit,fearGastricheadacheDayNight,,,,,,,,,,worseAfternoonUntillMidnight,,andProstrationGastricHeadache,,DullHeavyPain,,,,,,,,,,,,,,
254,LobeliaPurpurascens,Headheavy,,,,,,,,,headacheaWithNauseaVertigo,nauseaVertigoEspEyebrowBtween,mindVomitEyesHead,,,,,spasmodicClosureLids,,,cannotKeepEyesOpenSpasmodicClosure,,,,confusedDepression,,,,,,,,,,,,,,,,
255,LoliumTemulentum,,,,,,,,,,vertigoMustCloseEyes,,mindVertigoEyesEars,,,,NoiseInEars,,,,,,,,AnxiousDepressedConfused,,headHeavy,,,,,,,,,,,,,,
256,LoniceraXylosteum,,,congestHeadAndChestCOMA,,,,,,,,,headChestEyesPupilFace,,,RedFace,,,,,contractOnePupilDilateOtherhalfOpenSopor,,,,,,,,,,,,,,,,,,,,
257,LupulusHumulus,dullHeavyDizziness,,,,,,,,,,,mindDizzyTwitchAssociatesymp,,,,,DrawingTwitchingEveryMuscle,,,,,,,morbivigilenceHighlyExcited,,,,,,,,,,,,,,,,
258,Lycopodium,IfnotEatRegularlyHeadache,tearingBetterFreshAir,,deepFurrows,,asifScrewedEachother,,pressingWorse4pm8pmAndLyeStoop,,morningOnRising,,frontOcciTempTopHairBaldEarEye,,,TwistFaceMouth,eczemamoistOozingBehindEars,throbHeadacheOnCough,,,headacheOvereyesInColdBetteruncover,,,,,,ShakesHeadNocause,,greyhairPrematureBaldness,,,,,,,,,,,headacheIfNotEatingRegularly,
259,LycopusVirginicus,,,,frontalHeadache,,,,,,,,frontEminenceHeatrNose,,noseBleed,,,,,,,,,,,,,,,,,,,,worseFrontEminenceByLaboredHeart,,,,,,
260,MagnesiaCarbonica,painSideliesOnStickpain,,,,,,,,,,,SideMindRtorbitEyeDampScalp,,,,,painWhichSideLiesAsifHairpulled,,,painAboveMarginRtOrbitBlackMotes,,,,worseMentalExertion,,sidepainAsifHairPulled,,itchScalpWorseDampWeather,,,,,,,,,,,,
