DRUG,HEADACHE,0CCIPIT,BRAIN,FOREHEAD,,TEMPROL,,VERTEX,MODALITY,VERTIGO1,VOMITING,OTHERORGANS,HEAD POSITION,NOSE,FACE,EAR,ASSOCIATED SYMPTOMS,TEETH,,EYE,,DAY,NIGHT,MIND,STOOL,SENSATION,FEMALE,SCALP,VERTIGO2,TONGUE,,SLEEP,THROAT,HEART,DISEASE,,,SWEAT,STOMACH,EXTERMITIES
Abisinthium,,dull ache,,,,,,,,tendency to fall backwards,,,wants headlow,,"Spsmodic twitch, face blue",,general confusion,,,"Pupils unequally dilated[gels,pic-ac]",,,,,,,,,,,,,,,,,,,,
Abies-can,,,,,,,,,,,,,,,,,"feels light head,tipsy irritable",,,,,,,,,,,,,,,,,,,,,,,
Abies-nig,,,,,,,,,,,,,,,,,,,,,,"Dull ache during day,",wakefull at night,,,,,,,,,,,,,,,,,
Acetanilidum,,,,,,,,,,,,,,,,,,,,,,,,,,"enlarged ,fainting",,,,,,,,,,,,,,
Acetic-acid,"nervous headache, from narcotics",,,,,temporal vessel distended,,,,,,,,,,,pain across root of tongue,,,,,,,,,,,,,,,,,,,,,,,
Aconitum-nsp,burning headache,,,,,,,,,"worse on rising[nux,opium],shaking head",,,,,,,burning headache as if brain were moved by boiling water[indigo],,,,,,,,,sensation on vertexas if hair were pulled or stood onend,,,,,,,,,,,,,,
Actea-sp,Tearing headache ebbulation of blood to head by coffee,,,"heatin forehead,pain in left frontal eminence",,,,pain from crown to between eye brows,,"vertigo,tearing headache,better open air",,,,,,,"nose red at tip ,fluent coryza. Throbbing in brain",,,,,,,,,,,itch scalp alternat with heat,,,,,,,,,,,,
Adonis-ver,feels light,fromocciput around temple to  eyes,,aches across front,,from occiput  around temple to eye',,,,,,,,,,,,,,"eyes dilated,aches from temple to eye",,,,,,,,scalp feels tight,"Vertigo on rising,turnig head quickly or lying down",,,,,,,,,,,
AesculusHIP,AcheAsFromCold,occiput To FrontalBruisedScalp,,pressureNauseaFollowStitchRtHypocondria,,,,,,,,,,,,,neurolgicStitchRtToLeftThroughForehead,,,,,,,depressedIrritableDullConfused,,,,,,,,,,,,,,,,
AesculusHIP,,,,,,,,,,SittingAndWalking,,,,,,,follow FlyingPainInEpigastrium,,,,,,,,,,,,,,,,,,,,,,,
AethusaCyna,,occiputPainExtendSpine,,,,,,,BetterLyingPressure,headHOTafterVertigoCeases,,,,,,,HeadSympRelivedByFlatusBYStoolSangu,,,,,,,,,,,HairFeelsPulled,VertigoDrowsinessWithPalipitation,,,,,,,,,,,
Agaricus,dullAcheFromProlongDeskWork,FallBackAsIfWeightOcc,,,,LatHeadacheAsFromNailCoffIgnatia,,,desireCoverHeadWarmSilicia,SunLightWalk,,HeadacheWithNoseBleedOrThickMucus,,,,,icycoldIcyNeedleNeurlgiaIcyColdHead,,,,,,,,,headConstantMotion,,,,,,,,,,,,,,
AilunthusGlandulsa,passiveCongestion,,,frontaAcheWithDrowsiness,,,,,,,,,,ThinIchorusBloodyDischarge,FaceDusky,,,,,SuffusedDilatePhotophobia,,,,,,,,,,,,,,,,,,,,
AlfaAlfa,painINleftSideHead,OccDullHeavyInAboveEYE,,,,,,,WorseTowardEvening,,,,,,,,violentHeadache,,,,,,,,,,,,,,,,,,,,,,,
AlliumCepa,,,,catarrhalAcheMostlyForehead,,,,,WorseWarmRoomEvening,,,,,,threadLikePAINinFace,,CEASEmensesFlowAppearsStopFlow,,,,,,,,,,,,,,,,,,,,,,,
AlliumSativa,,,,,,heavyPulsationINtemples,,,,,,,,,,CatarrhalDeafness,,,,,,,,,,,,,,,,,,,,,,,,
Aloe,dullPressivePainWorseHeat,,,AcheAboveFHheavyEyePartlyClose,,,,,,,,,,,,,lumbagoUterineIntestinalAlternate headache,,,,,,,disinclieMentalLabour,headacheAfterStool,,alternateuterineAffect,,,,,,,,,,,,,
Alumen,,,,,,,,burnPainTopHeadBetterPressureHand,,WithWeakPitStomach,,,,,,,Alopecia,,,,,,,,,,,Alopecia,,,,,,,,,,,,
Alumina,throbbingWithConstipate,,,PressureFHasFromTightHat,,,,,,StitchBurnWorseMorningBetterBreakfast,,,,,,,,,,inabilitWalkExceptEyesOpen,,,,,,,,HairfallScalpNUMBitch,,,,,,,,,,,,
AluminaSilicate,painheadBetterHeatPerspire,,,,,,,,,,,congestionBrain,,freqCoryzaSwellAndUlcerateNose,,,,,,painEyeFlickering,,,,congestBrain,,,,,,,,,,,,,,,,
AmbraGrisea,,,,pressureFHwithMentalDepression,,,,,,withWeakINheadStomach,,tearingPainUpperhalfBRAIN,,EpistaxisEspINmorning,,hearingImpaired,rushBloodHeadWhenListenMusic,ProfuseBleedFromTEETH,,,,,,,,senileDizzy,,HairfallScalp,,,,,,,,,,,,
AmmniacumDerma,catarrhalHAdueCloseFrontalSinus,,,dueCloseFrotalSinusHeadache,,,,,,,,headacheDueCloseFrontalSinus,,,,,,,,,,,,,,,,,,,,,,,,,,,,
AmmoniumBnzoicum,heavyStupid,,,,,,,,,,,,,,,,,,,,,,,,,,,,,,,,,,,,,,,
AmmoniumBromatum,,,,,,,,,,,,,,thickNasalDischargeSneezing,,feelingBandAboveEar,,,,,,,,cerebralCongest,,,,,,,,,,,,,,,,
AmmoniumCarb,shockThroughHead,,,pulsateFHpressureWarmRoomBetter,,,,,pressureWarmRoomBetter,,,,,,,,,,,,,,,,,,,,,,,,,,,,,,,
AmmoniumIodatum,dullacheEspYoungPeople,,,,,,,,,vertigoMenieresDisease,,,,,,,,,,,,,,,,,,,,,,,,,,,,,,
AmmoniumMur,,,,,,,,,,,,,,,,,,,,,,,,feeFullCompressedWorseMorning,,,,hairfallDandruffItching,,,,,,,,,,,,
AmmoniumPhos,,,,,,,,,,,,,,sneezExcessRunNOSEeyesOnlyMorning,,,,,,,,,,,,,,,,,,,,,,,,,,
AmmoniumPicratum,periodicBilliousHeadacheSangunaria,periodicNeurolgiaRtSideOcciput,,,,,,,,onRising,,boringPinToEarOrbitJaw,,,,boringPainEarOrbitJaw,,,,boringPainEarOrbitJaw,,,,,,,,,,,,,,,,,,,,
AmylNtrosum,throbbing,,,,,,,,,,,,,,surgeBloodHeadFaceAsifBloodStartFromSkin,HypraemicThrbbing,,,,,,,,AnxietAsifSomethingMightHappenWantFreshAir,,flushFollowSweatClimacteric,,,,,,,,,,,,,,
Anacardium,pressingPainFHoccTempVertex,pressPainDuringMeal,,pressPainBetterDuringMeal,,preePainBetterDuringMeal,,pressPainDuringMeal,betterDuringMeal,vertigo,,,,,,,,,,,,,,,,,,itchLittleBoils,,,,,,,,,,,,
Anatherum,painPierceBrainPointedArrows,,PainPierceBrainPointedArrowWorseAfterNoon,,,,,,worseAfterNoon,,,scalpEyeNoseTongueSalivaCopious,,boilsTumorTipNosse,,,,,,wartLikeGrowthOnEyebrows,,,,pressPainAsFromPlugWorseAfterMentalExert,,pressPainAsplugWorseMentalExertion,,HerpesUlcerTumor,,FissureAsifEdgesCutCopiousSalivation,,,,,,,,,,
Anhalonium,AcheDisturbedVision,,,,,,,,,,,,,,,ExaggerateReverbarateOrdenarySounds,briliantMovingColorObjectPupilsDilate,,,pupilsDliateVertigoBrainTired,,,,,,,,,,,,,,,,,,,,
AngusturaVera,headacheHeatFace,,,,,PainTempMuscleOpenJaws,,,,,,faceTempJawChewMUSCLE,,,faceJawMassetor,,crampPainZygoArcMassetorFatiguePainArticulateJaw,,,,,,,,,,,,,,,,,,,,,,,
AntimoniumCrudum,ache,,,heavyVertigoNauseaNosebleed,,,,AcheAscendBathCandyAcidWine,,,,,,,,,,,,,,,,,,,,headacheWithHairLoss,,,,,,,,,,,,
AntmoniumTart,asFromBandCompresAcNit,,,bandLikeFeelFH,,,,,,AlternateDrowsyDespondency,,,,,paleSunken,,childWillNotBeTouchedWithoutWHINING,,,,,,,mutterDeliriumStuporFearAlone,,,,,dullnessConfusion,,,,,,,,,,,
Antipyrrine,throbbingFlushHeat,,,,,,,,,,,,,,,headacheUnderEarWithEarache,,,,,,,,,,throbingSensationConstrictFlushHeat,,,,,,,,,,,,,,
ApisMel,boresHeadIntoPillowScream,dullHeavyAsBlowExNeckWithSexual,wholeBrainFeelTired,,,,,,refOccBetterPRESSURE,WithSneezWorseLyingEyeClose,,,,,,,HeatThrobDistensePainBetterPressureWorse Motion,,,,,,,,,suddenStabbingPain,,,,,,,,,,,,,,
ApumGraveolens,headacheBetterEating,,,,,,,,,,,,,,,,,,,eyeFeelSunkenItchInnerCanthusLEFTeye,,,,DeppessEnergeticFidgetCannotSLEEPthiking,,,,,,,,cannotSleepFromTHINK,,,,,,,,
Apomrphia,emptyRetchingAndHeadache,,,,,,,,,vertigo,nauseaViolenInclineVomit,ReflexVomitPregSeaSick,,,,,emptyRetchHeartBurnPainShoulderBlade,,,,,,,,,HotFeelAllOverBODYespHead,,,,,,,,,,,,,,
AragallusLamberti,,,,,,,,,,,,,,,CrackLowerLIP,,,,,DiplopiaBurningEyes,,,,,,,,,,,,,,,,,,,,
AraneaDiadema,,,,,,,,,bertterSmokingInOpenAir,,,,,,painRtTrifacialInwardPerifery,,,violentPainNightAfterLyingDown,,heatFlikeringWorseDampWeather,,,,confusion,,,,,,,,,,,,,,,,
ArgemoneMexicana,,,,,,throbbingEyesTemple,,,,,,,,,,,,,,,,,,,,HeadHot,,,,,,,VeryDryPainSwallowing,,,,,,,
ArgentumMtallicum,headFeelEmptyHollow,,,,,,,,,intoxicateFeelLookRunWater,,,,ExhaustCoryzSneez,PainFacialBone,,EyeLidsRedAndThickNeurogiaLeftIncreaseCeazeSudden,,,PainBetweenLefteyeFrontaEminence,,,,,,,,ScalpVeryTenderTouch,,,,,,,,,,,,
ArgentumNitricum,WithColdnessTremble,,acheFromMentalExertDanceFag,AcheFeelEnlargeCorrespondEye,,,,,,withBuzzEarNerveAffect,,eyeEarScalpEmotion,,,,vertigoBuzzNervousAffect,BorePainBetterBandagePressureHeadBoneSeparate,,,acheWithEnlargeFeelCorrespodEye,,,,headacheMentalExert,,,,itch,,,,,,,,,,,,
Arnica,sharpPinchHotColdbody,,confusedSensitiveBrain,coldSpotForehead,,,,,,chrVertigoObject WhirlEspWalk,,,,,,,,,,,,,,,,,,scalpFeelContract,,,,,,,,,,,,
ArsenicumAlbum,periodicalBurnRestlessHemiCrania,,,,,,,,relivedByColdOtherSympWorse,,,scalpSkinHairHeadSensitiveOpenAir,,,,,patchCircularbareSpotSensitiveDryScale,,,,,,burnItchDandruff,deleriumTremensCurseRavingVicious,,headConstantMotion,,itchSensitiveCannotBrushHair,,,,,,,,,,,,
ArsenicumHydrogeni,,,,,,,,,wrapWarmCloth,VilolentGoingUpstair,,,,violentSneezNose Cold,,,mustWrapWarmCloth,,,broadBlueCircleArroundEyeSunken,,,,,,,,,,,,,,,,,,,,
ArsenicumIod,,,,,,,,,,withTremulusFeelEspAged,,,,,,,,,,,,,,,,,,,,,,,,,,,,,,
ArgentumMetalicum,LtSideUptoEyesEars,,LowSpiritWeakMemory,oeddematousSwellForehead,,,,,,,,EyesEars,worseSoopLying,,,LtHeadacheUptoEyesEars,,,,headacheLtUptoEyesEars,,,,DesireAloneAnoyedVisionCauseCRY,,headFeelsTooLARGE,,,,,,,,,,,,,,
ArtemisiaVulgaris,,,CongestionBrain,,,,,,,,,MOUTHdrawntoLEFT,drawnBackBySpasmodicTwitch,,,,mouthDrawnLtRrawnBackBySpasmodicTwitch,,,,,,,,,,,,,,,,,,,,,,,
ArumDracontium,,,,,,,,,,,,EarBehindEar,,,,heavyShootPainEarsAcheBehinRtEar,,,,,,,,,,heayShootPainEarBehindRtEar,,,,,,,,,,,,,,
ArumTriphyllum,boresHeadIntoPillow,,,,,,,,,,,,,,,,headacheFromWarmClothOrHotCOFFEE,,,,,,,,,,,,,,,,,,,,,,,
Arunda,deepSeatedPainSidesHead,PainExtendCiliaryRegion,,,,,,,,,,CiliaryRegionSidesHead,,,,,hairfallRootPainPustulesHeadacheSides,,,OCCpainExtendCiliaryRegion,,,,,,,,itchFallHairRootPainPustules,,,,,,,,,,,,
Asafoetida,pressurePainWithinOutWard,,irritableComplainsHerTroubleSensitive,,,,,,,,,boringEyebrows,,,,,,,,boringAboveEyeBrows,,,,irritableComplainHerTroubleSensitive,,pressivePainWithinOutwards,,,,,,,,,,,,,,
AsarumEuropum,compressivePain,,,,,,,,,,,scalpHairNose,,coryzaSneezing,,,,,,,,,,,,CompressivePainTensionScalp,,tensionHairPainfullCHINA,,,,,,,,,,,,
AsclepiasSyriaca, nervousheadacheRefAssociteSYMP,,,constrictAcrossForehead,,SharpObjectThroughTempleToTemple,,,,,,templeFHnerovousPerspiUrineSpGravity,,,,,suppresSweatFollowIncreUrineIncreSpGravity,,,,,,,,,,,,,,,,,,,,,,,
AsclepiasSyriaca,,,,,,,,,,,,,,,,,headacheFromRetentionEFFETEmatterInSystem,,,,,,,,,,,,,,,,,,,,,,,
AsparagusOfficinalis,MigaineMorningWithScotoma,,confused,FHacheAndRootNose,,,,,migrineMrningWithScotoma,,,FHnoseEyeThroat,,AcheFHandRootNose,,,MigrainousMorningHeadacheWithScotoma,,,migraineMorningWithScotoma,,,,confused,,,,,,,,,feelRoughHawkCpioustenaciousMucus,,,,,,,
AsteriasRubens,throbbing,,shockThrobbHeatHeadasAroundHotair,,,,,,,,,,,,,,shockBrainThrobbHeatInHeadasifSouroundHotair,,,,,,,cannotBearContridiction,,heatheadAsifSourundedByHotAir,,,,,,,,,,,,,,
AstragalusMollissimus,pressivePainTemple,,,,,fullnessRtTempUpperJaw,,,,dizzy,,tempJawLteyebrowFaceboneMaxillae,,,painFaceboneAndMaxillaePressure,,,,,painoverLefteyebrow,,,,,,pressivepainTemples,,,,,,,,,,,,,,
AurumMetallicum,violentpainWorseNightRoar,,congestiontoHead,tearThroughbrainToFH,,,,,WorseNight,vertigo,,foreheadBrainSalpNight,,,,,violentPainheadWorseNightPressureOutward,,,,,,worseNight,,,roreHeadPressureOutwardTearBrainFH,,BOILS,,,,,,,,,,,,
AvenaSativa,,,inabilityKeepMINDonAnyOneSubject,,,,,,,,,mindConcentration,,,,,,,,,,,,inabilityKeepMindOnAnyOneSubject,,,,,,,,,,,,,,,,
AzadirachtaIIndica,headacheScalpRteyeball,,forgetfull,,,,,,,giddyOnRising,,headScalpEyeRteye,,,,,forgetGiddyraiseHeadacheScapSenstiveeyeburnpainRtEye,,,eyeburnRighteyePain,,,,forgetfull,,eyeburnPainnRtEye,,scalpSensitive,,,,,,,,,,,,
Bacillinum,severeDeepInHeadache,,,,,,,,,,,scalpEye,,,,,,,,EczemaEyeLid,,,,,,asofTightHoop,,,,,,,,,,,,,,
Badiga,,,,painFHtempleEXTeyeBall,,painFHtempleEyeballAfternoon,,,FhtempWorseAfternoon,dullDizzyFeelHead,,eyeScalpNoseRespiAfternoon,,CoryzSneezwateryAsthamaBreathSuffocate,,SlightSoundGreatlyAccentuated,asthamaticBreathSuffocateCoughinfluenza,,,extendEyeballWorseAfternoon,,Afternoon,,,,ofEnlargementFullnessPainFHtemple,,dandrufSoreDryTetterLike,,,,,,,,,,,,
Baptisia,,,feelSoreStuperFallAsleepWhileSpoken,skinFHtightSeemDrawnbackhead,,,,,,vertigoPressureRootnose,,FHskinEyenose,,pressureAtRoot,,earlyDeffnessInTyphoid,fallasleepWhileSpoken,,,soreEyeBallHeavy,,,,confusedSwimfeelStuporWhileSpoking,,feelLargeHeavNumb,,FHskinDrawnbacktight,,,,,,,,,,,,
Barytacarb,,,feelLoose,,,,,,,stitchStandinSUNthroughHead,,vertigoHairfall,,,,,,,,,,,,confusionWens,,,,hairfall,,,,,,,,,,,,
Belladona,Rtside LyingdownColdHaircut,fullnessFHoccTemp,,foreheadOcciputTempleFullness,,fullnessFHoccTEMP,,,betterPressureSemiErectPosition,fallLeftBackwards,,,BoreIntoPillowRollSideTosideDrawBack,headacheSuppCatarrahlFlow,,,sensitiveLTrobbHeatPalipitationReverbarate,,,,,,,SuddenCrymoaning,,fullnessFHoccTemp,,hairsplitheadacheHaircut,,,,,,,,,,,,
Bellisperennis,,fromOCCtoTopHead,,feelContracted,,,,,itchscalpworseHotbathBed,in elderlyPeople,,occFHtopheadScalp,,,,,,,,,,,,,,bruisedSore,,itcharoundAndBackWorsehotbathAndBed,,,,,,,,,,,,
BenzenumCoalNaptha,Rtsideheadache,,,frontalToRootNoseheadache,,,,,,dizzy,,FhnoseRtSideBelowUp,,headachefrontalToRootnose,,,tirednervouspainBelowUpSenseFallBedFloor,,,,,,,pressingFeelHead,,pressFeelHead,,,,,,,,,,,,,,
BenzoicumAcidum,,,,coldSweat,,throbTempArteryCausePuffAroundEars,,,,incilationFallSideways,,arteryEarTongueMouthGumskin,,,,puffAroundEarconstrictMouthRefCaps,prickConstrictMouthbluishGumBleed,,,,,,,,,noise Swalloing,,wens,,ulcer,,,,,,,,,,
BerberisAquifolium,billiousHeadache,,,,,,,,,,,ear scalp,,,,sensationBandJustAboveEars,scalahead,,,,,,,,,bandJustAboeEars,,scalyEczemaScaldHead,,,,,,,,,,,,
BerberisVulgaris,,chillBackToOcciput,,frontalHeadache,,,,,,withAttacksFainting,,earScalpFHocc,,,,tearingPainAuricleAndGoutyConcretion,,,,,,,,listlessApathaticIndiffirent,,tightCapPressWholeScalp,,sensationTightPressWholeScalp,,,,,,,,,,,,
Betonica,,,InabilityConcentrateMind,,,stitchRtTemple,,,,,,,,,,,,,,,,,,inabilityConcentrateMind,,,,,,,,,,,,,,,,
Bismuth,HeadacheAlternatrGastrologia,pressureWorseMotionHeavy,,,,,,,betterColdAternateGastric,,,headaGastricEyeOccFaceTeeth,,,neurolicInvolveFaceTeethEatWorse,,headacheAlternateWithGastrolgia,nerolgiaInvolvefaceTeethasifTornPincers,,cuttingPressureAboveRtOrbitEXTtoOcciput,,,,,,,,,,,,,,,,,,,,
BoletusLaricus,,,,feelLightYellowDeepFrontalHeadache,,,,,,,constantaNausea,,,,,,,CoatTongueTeethIndented,,,,,,,,,,,,thickYellowCoatingteethIndented,,,,,,,,,,
Borax,,,,,,,,,,,AcheNauseaTremleWholeBody,,,,,,tiphairTangleCannotSeparateasPlicapolonicavincaMin,,,,,,,,,,,hairTipTangledTipsCanNotBeSeparate,,,,,,,,,,,,
Bovista,distensiveWorseEarlyMorning,asifheadWereEnlargeEspOcciput,DullBruisedPain,,,,,,worseEarlyMorningOpenAirLying,,,scalpBrainOCCnerveSysNose,,dischargeStringyToughMucus,,,StammeringStramMerc,,,,,,,OcciputEnlargeSensation,,OcciputEnlargeSensation,,itchWorsWarmSensitveScratchUntiillSore,,,,,,,,,,,,
Bromium,MegrimLeftSideStoopDrinkMilk,,,,,,,,worseStoopMilkSunheatRapidWalk,DizzyCrossStreemWater,,eye,,,,,,,,SharpPainThroughEye,,,,,,,,,,,,,,,,,,,,
Bryonia,SpiltBurstPressoutHammerWithin,headacheSeatedOcciput,,frontHeadacheInvolveFrontSinusus,,,,,worseMotionOnRise,nauseaFaintConfusionOnRise,nauseaFaintConfuseOnRise,eyeZygomaFHocciput,,,DrawingBonesTowardZygoma,,,,,worseOpeneyeMotionEYEball,,,,,,,,,,,,,,,,,,,,
Bufo,,,numb,painBetterNosebleedFaceflush,,,,senseHotVaporRoseTopHead,,,,vertexFH nose,,epstaxisflushedFacePainFH,bathedSweat,,,,,,,,,,,asifHotVaporTopHead,,,,,,,,,,,,,,
ButyricAcid,dullHeavyAcheHead,,headacheApprehensiveTrifles,,,,,,worseUpstairRapidMotion,,,,,,,,worriesTriflesSuicideImpulseFearNervous,,,,,,,suicideImpulseFearNervousWorryTrifles,,,,,,,,,,,,,,,,
CactusGrandiflorus,congestPeriodicApoplexy,,,,,,,senseAsifWeightVertex,painRetunSameHour,,,vertexRtsideBvesselEyeEarFace,,,RtProspolgiaReturnSameHOURdailyCEDRON,pulsateEar,headacheIFpassDinnerHourBvesselDistend,,,DimSight,,,,,,asifWeightVertexRtSidePulsatePain,,,,,,,,,,,,,,
CadmiumSulph,hemicraniaHeathead,,unconcious,,,,,,,roomBedSpinAroundVertigo,,,,,,,,,,,,,,,,,,,,,,,,,,,,,,
Cajaputum,,,,,,,,,,,,,,,,,asifHeCouldnotGetTogetherHimselfBAPTISIA,,,,,,,feelMuchEnlarge,,,,,,,,,,,,,,,,
CaladiumSeguinum,headacheWithPainShoulder,,headacheAndMentalStatesSmokers,,,,,,,,,headFHshoulderMindSmokers,,,,extreemlySensitiveNoiseThrobbEar,veryForgetNotKnowAbouOccurenceThings,,,pressureEyesForeheadSensitiveNoiseThrobbEar,,,,,,,,,,,,,,,,,,,,
CalcareaAcetic,WithColdnessSourTaste,,,,,,,,,inOpenair,,tasteSenses,,,,,,,,,,,,sensesObscureWhileReading,,sensesObscureWhileReading,,,,,,,,,,,,,,
CalcareaArsenica,WeeklyHeadacheBenumbheadache,,,,,,,,betterLyePainfullSide,violentRushBloodToHeadWithVertigo,,,,,,BenumbHeadacheMostAroundEars,,,,,,,,,,BenumbHeadacheMostlyAroundEar,,,,,,,,,,,,,,
CalcareaCarbonica,overLiftingMentlExertWithNausea,,,,,,,senseWeightTop,,OnAscendTurnHead,,,,,headFeeHotHeavyWithPaleFace,,headacheColdHandFeetIcyColdAndHandEspRtSide,,,,,,,,,openFontanellasHeadEnlargeMuchSweatPillow,,itchScratchHeadWake,,,,,,,,,,,,
CalcareaFlorica,CracklingNoiseHead,,,,,,,,,,,HeadScalpBloodTumor,,,,,bloodtumorNewinfantUlcerScalpCallousHardEdge,,,,,,,,,,,callusHardEdgeUlcerHardExcre,,,,,,,,,,,,
CalcareaIodata,RidingAgainstColdWind,,,,,,,,,,,noseEarPolyp,,CatarrahWorseRootSneezPolypNoseEar,,Polyp NoseAndEar,,,,,,,,,,,,,,,,,,,,,,,,
CalcareaPhosphorica,WithAbdominalFlatulence,,,,,,,,changWeather,,,AbdoFlatulenceSutureRegionPuberty,,,,defectiveHearing,nearSuturePubertyFontanelOpenCranialBoneSoft,,,,,,,,,,,headhotRootHairSmart,,,,,,,,,,,,
CalcareaSilicata,,,,,,,,,,headcoldEspVertex,,,,catarrahPostNaresThickYellowHardCrustDischarge,,,,,,CornealExudate,,,,,,,,,,,,,,,,,,,,
CalcareaSulphurica,,,,,,,,,,,,,,,,,ScaldHeadChildrenPurulentDischargeYellowCrust,,,,,,,,,,,,,,,,,,,,,,,
CalundulaOfficinalis,exteemNrvousTearing,,nervousFrightenedWeightOnBrain,,,,,,,,,brainGlandRtSideNeckNervous,,,,,subMaxilaryGlandSwellRtSideNeckPainTouch,,,,,,,,,,,,,,,,,,,,,,,
Camphora,,ThrobbSynchronusWithPulse,bBeatingPainInCerebellum,,,fleetStitchTempRegOrbit,,,,tendeUnconciousFeelasifHeWouldDie,,vertigoNoseTongueOccPulse,,coldPinchSeezInflue,,,coldSweat,,,fleetStitchTempRegionOrbits,,,,,,,,,,coldFlabbyTrembling,,,,,,,,,,
canchalagua,congested,,,,,,,,,,,,,,,buzzing,,,,burning,,,,,,headFeelasifBound,,feeltight,,,,,,,,,,,,
CannabisIndica,uremicFlatulenceMigrain,ThrobbWeight,shockThroBrainAloeCoca,,,,,,,,,,ShakeHeadMigraineExciteLoqacity,,,,feelAsifTopHeadOpeningShutasifcalvariumBeingLifted,,,,,,,,,,,,,,,,,,,,,,,
CannabisSativa,,,lectophobia,,,,,,,SensationDroppingWaterOnHead,,,,pressureRootOfNose,,,,,,,,,,,,,,,,,,,,,,,,,,
Cantharis,,,BurnSensationAsifBoilingWaterInBrain,,,,,,,vertigoWorseInOpenAir,,,,,,,,,,,,,,,,,,,,,,,,,,,,,,
Capsicum,BurstingWorseCough,,,,,,,,,,,,,,facehotRedCheekFaceRedThoughColdAsafaetida,,,,,,,,,,,,,,,,,,,,,,,,,
CarboAnimalis,,,,,,,,,,vertigoFollowNosebleed,,noseCheekHearingEyeRushBloodLip,,swollenTipBlueSmallTumorOnit,bluishCheekLips,hearingConfusedCannotTellDirectionOfSound,asifHeadBlownToPieces,,,asifSomethinglayAboveEyesSocouldnotLookup,,,,RushBloodWithConfusion,,,,,,,,,,,,,,,,
CarboVegetabilis,AcheFromAnyOverindulgence,,,,,,,,hairfallScalpItchWarmBed,WithnauseaAndTinniyis,,indulgenceHairScalpHeadFace,,,PimplesOnForeheadFace,,hairsoreFallScalpItchheadheavy,,,,,,,,,feelheavyConstrictHatpressLikeHeavyWeight,,hairfallSoreItchGetWarmInBed,,,,,,,,,,,,
CarbolicumAcidum,headacheBetterGreenTeaSmoking,,disinclinedMentalWork,,,,,,betterGreenTEAwhileSmoking,,,RtOrbitRtEye,,,,,tightFeelCompressRubberBandGelsMahonia,,,orbitalNeurolgiaOverRtEye,,,,DisinclinedMentalWork,,feelheavyWeightHatAsifCompressRubberBand,,,,,,,,,,,,,,
CarboneumOxygenisatum,heavinessHead,,cerebrelCongestHallucinateVisionHearingTouch,,,stickPain,,,,,,,,,,,HallucinateInclinationToTurnInCircle,,,,,,,inclinationTurnCircleHallucinateVisionHearTouch,,,,,,,,,,,,,,,,
CarboneumSulphuratum,HeadacheAndDizzy,,,,,,,,,HeadacheAndDizzy,,earLipMouthTongue,,,ulcerLips,earFeelObstructed,,,,,,,,,,AcheAsFromTightCap,,,,AnasthaesiaMouthTongue,,,,,,,,,,
CardusMarianus,dullHeavyStupidFoulTongue,,,,,,,,,withTendencyFallForward,,FallEyeTongueNose,,noebleed,,,,,,ContaractEyebrowsBurnPressure,,,,DullStupidheavyFoulTongue,,ContractFeelAboveEyeBrow,,,,,,,,,,,,,,
Carlsbad,,,,,,AchesSwollenTempVeinSangunaria,,,betterMotionOpenAir,,,TempVeins,,,,,,,,,,,,,,,,,,,,,,,,,,,,
Causticum,,,feelEmptySpaceBetweenFHandBrain,painRtFrontalEminence,,,,,,,,,,,,,,,,,,,,,,FeelEmptySpaceBetweenFHandBrain,,,,,,,,,,,,,,
CedronSimarubaFerroginea,wholeBodyNumb,,,painAcrossFHworseWorkOnBlack,,painTempToTempAcrossEye,,,,,,FHeyeTempWholebodynumb,,,painwholeRtSideComeAt9am,RoaringEarsLikeCinchona,whole bodySeemsNumbWithHeadache,,,,,,,,,wholeBodyNumbWithHeadache,,,,,,,,,,,,,,
CenchrisContortrix,,,,LtFrontEminenceLtSideTeeth,,,,,,,,,,,,,,PainLtFrontEminenceLtSideTeeth,,AchingItcheyeSwellAroundEyes,,,,ForgetAbscentAlternateMood,,,,,,,,,,,,,,,,
CereusBonplandii,,painThroGlobeofEyeAndOrbitONOScedron,painAcrossBrainFromLtToRt,,,painAlongRtMalarBoneRunToTemple,,,,,,,,,,,,,,,,,,,,,,,,,,,,,,,,,,
Chamomilla,oneHalfBrainThrobbing,,ThrobbOnehalfBrain,hotCalmySweatAndScalp,,,,,,,,onehalfbrainScalpFH,InclinedBendHeadBackward,,,,,,,,,,,,,,,hotCalmySweatFHandScalp,,,,,,,,,,,,
ChelidoniumMajus,RtSideNumb,IcycoldOccFromNapNeckHeavyLead,heavyalethorgicDrowsyMarkedWithNumbness,,,,,,,withHepaticDisturbFallFarwardInclination,,,,,neurolgiaRtCheekRtEyeRtEar,RtSideheadachedownBehindEarShoulderBlade,excesiveLacrymationprecededByPinInLiver,,,neurolgeRtEarCheekBoneWithExcesiveLacrymation,,,,,,,,,,,,,,,,,,,,
ChenopoiGlauciAphis,,,seemsSwashedHitherAndThither,,,,,,acheWorseMotion,,,brainNostrilsEarFaceRtOrbitTeeth,,CoryzaBurnBiteInNostril,yellow,noiseEarAsofCannon,,acheRelivedWarmSweatExtendEatTempleCheekBonne,,RtOrbitNeurolgiaWithLacrymationProfuse,,,,SadAcheWorseMotion,,,,,,,,,,,,,,,,
ChimaphiliaUmbellata,,,,painLtFrontalProtuberence,,,,,,,,Fheye,,,,,HaloAboutLight,,,LidItchStabPainLtEyeLacrymation,,,,,,,,,,,,,,,,,,,,
ChininumArsenicosum,dullHaevyFrontOccipital,DullHEeavyAndFrontal,TiredFeelFullThrobbAnxietyIrritable,DullHeavyFrontalAndOccipital,,,,,,WorseLookUp,,Fhoccipit,,,,,,,,,,,,,,DartingPainRunUpIntoHead,,,,,,,,,,,,,,
ChininumSulhuricum,FHandTempIWorseLtSide,,,FrontalTempleIncreaseNoon,,FrontalTempleIncreaseNoon,,,worseNoon,vertigoPulsation,,FHoccipitEye,,,,,inabiltyStandAmaurosisMalarialOriginFallInStreet,,,,,,,,,,,,,,,,,,,,,,,
Chionanthus,,,,DullFrontalacheRootnoseOverEyeThroTemp,,throTempFrontalAche,,,worseSoopMotionJar,,,,,painOverRootNoseFrontaHeadacheThroTemple,,,,,,yellowConjunvtivaPainOverEye,,,,,,,,,,,,,,,,,,,,
Chloralum,MorningHeadache,worseFHalsoOCConMotion,,worseForeHeadAlsoInOccMotion,,feelHotBandDrawnTempleToTemple,,,betterOpenAir,,,,,,,hearsVoices,,,,,,,,,,,,,,,,,,,,,,,,
Chloroformum,,,deleriumExciteViolencePredominate,,,,,,,,,,,,convulsiveMomentFaceMuscleExtermities,,headDrawDownuponShoulder,,,opendClosedRapidlyPupilContracted,,,,,,,,,,,,,,,,,,,,
CicutaVirosa,,,cerebroSpinalMeningitis,,,,,,headSympReliveFlatusEmission,withGastrolgiaMuscularSpasm,,CerebroSpineGastricMuscleBrainFlatus,turnedTwistedOneSide,,,,suddenViolentShockThroughHead,,,StaresPersistantlyAtObject,,,,convulsionFromConcussionBrain,,violentShockThroughHead,,ThickYellowScabOnHead,,,,,,,,,,,,
CimexAcanthia,headacheByDrinking,,,painUnderRtFrontalBone,,,,,,,,,,,,,wouldLikeToTearEverythingToPieces,,,,,,,greatRageVehementBeginningChillyStage,,,,,,,,,,,,,,,,
CimicifugaRacemosa,shootThrobAfterWorry,,AfterWorryShootThrobHeadacheUtReflex,,,,,,,,,mindEarUt,,,,TinnitusSensitiveLeastNoise,wavySensationOrOpeningShuttingSenseBrain,,,,,,,brainFeelTooLargePainOverStudyUtReflex,,pressingOutwardPain,,,,,,,,,,,,,,
Cina,AlternateWithPainAbdomen,,,,,,,,PainbetterStoopingHeadAbdomen,,,AbdomenEye,,,,,,,,painHeadByUsingEYE,,,,,,,,,,,,,,,,,,,,
Cinchona,IntenceThroobHeadAndCarotid,,SensAsifBrainBalanceToAndFroStrikeAganistSkullGreatPain,,,AchesOpenAirFromTempleToTemple,,SpasmodicAcheInVertexAsifBruisedInSidesHead,RelivedFromPressureWarmRoom,DizzyWhenWalk,,,,,FlushedAfterHaemorrhageSexualExcessLossVitalFluid,,WorseContactCurrentAirStepping,,,,,,,,,,,sensitveWorseCombAirStepping,,,,,,,,,,,,
CinnabarisMercuriouSulphuratus,CongestionHead,,,,,,,,,,,,,,PurpleRed,,,,,,,,,,,,,,,,,,,,,,,,,
ClematisErecta,,EruptionOccAtBaseHairMoisPustularSensitiveItch,ConfusedFeelBetterOpenAir,,,BoringPainInTempls,,,,,,,,,,,,,,,,,,,,,,EruptionOcciputBaseAirPustulesSensitiveItch,,,,,,,,,,,,
Cobaltum,AcheBendFarward,,,,,,,,WorseBendFarward,,,,,,,,,,,,,,,,,,,ItchHairyAndBeard,,,,,,,,,,,,
Coca,preceedByFlashLightAndHighAltitude,shockComeFromOcciputWithVertigo,,likeBandAcrossForehead,,,,,,HeadacheWithVertigoPreceededFlashOfLight,,,,,,noise,FainFitClimbMountain,,,diplopia,,,,,,,,,,fissured,,,,,,,,,,
Cocaina,RoaringAndNoisesInHead,,,,,,,,,,,EarEyeSensation,,,,hearingGreatlyIncreased,,,,pupilDilated,,,,,,throbbAndBurstEensation,,,,,,,,,,,,,,
CoccienellaSeptempunctata,periodicalAttackFrontalNeurolgia,AcheTempToOcciput,,PainFHoverRtEyeSensTouchSuperiorMolar,,AcheTempleToOcciput,,,betterSleep,,,FhOccTempTeethEyeMolarface,,,RushBloodToFace,,,throbbColdSensationTeethMouth,,CannotOpenEyesDuringParaoxysm,,,,,,painWorseFromBrightObject,,,,,,,,,,,,,,
Cocculus,CarriageRidingCannotLyeBackHead,AndNapeAndWorseLyeOnBack,,,,,,,worseLyeOnBack,,,ridinSittinggocciNapePupil,,,,,openAndShutSensInOccTrembeHead,,,painEyeAsifTornOutOfHeadPupilContract,,,,,,trembleHead,,,,,,,,,,,,,,
CoccusCacti,WorseLyeOnBackBetterHeadHeigh,SubOcciputSoreWorseAfterSleepExertion,,,,,,,,,,BackheadEyeSubocciutSleepMrning,,,,,SensFBbetweenUpperLidAndEyeball,,,DullPainRtEyeMorningDistressCindersLdgeInEye,,,,,,,,,,,,,,,,,,,,
CochleariaArmoracia,,,anxietyDrivenToDespairPain,pressingPainAsifFrontalBoneWouldFallOut,,,,,,,violentVomitWithHeadache,FrontalBoneVomitHearing,,,,impairedHearing,,,,,,,,thinkDifficult,,,,,,,,,,,,,,,,
Codeinum,,painOcciputToBackNeck,,,,,,,,,,,,,SkinFaceScalpSoreAfterNeurolgia,,,,,,,,,,,,,ScalpFaceskinSoreAfterNeurolgia,,,,,,,,,,,,
CoffeaCruda,TightPainWorseNoiseSmellNarcotic,,AsifBrainTornToPiecesAndAsifNailDrivenHead,,,,,,WorseOpenAir,,,,,,,SensitiveHearing,,,,,,,,,,,,,,,,,,,,,,,,
Colchicum,ChieflyFrontalTemporalOcciput,occiputAndNapeNeckWorseAfternonEvening,,ChieflyFrontalAndTemporal,,ChieflyFrontalAndTemporal,,,WorseAfternoonEvening,,,FrontaTempOccipNapeneck,,,,,ChieflyHeadacheFrontTempOCCIworseAfternoonEvening,,,,,,,,,,,,,,,,,,,,,,,
CollinsoniaCanadensis,ChronicCatarrahDullFrontal,,,DullFrontalHeadacheSuppressedHaemorrhoid,,,,,,,,haemorrhoidCatarrahTongue,,ChronicCatarrahDullHeadacheFrontal,,,,,,,,,,,,,,,,yellowCoatedBitterColocynthBryonia,,,,,,,,,,
Colocynthis,LateralCuttingHeadacheWith,,,frontalWorseStoopLyeBackAndMoveEyeLid,,,,,,VertigoTurnHeadLeft,WithNauseaVomitigWithLateralHeadache,LatheadVomitFrontScalpVertigo,,,,,painBetterPressureHeatBurnDiggRendingTear,,,,,,,,,,,withSorenessScalp,,,,,,,,,,,,
Conium,StupifyWithNauseaAndVomitMucus,DullPainOnRisingMorning,,,,TightBothTempleCompressedWorseAfterMeal,,ScorchedFeelnTop,,lyingTurnSidesInBedShkehead,,templeTurnEyeHeadBodyOcci,,,,,vertigoLyingTurnShakeheadNoiseConverseOthersEspTowardLeft,,,,,,,,,WithfeelAsFrigenbodyUnderSkull,,,,,,,,,,,,,,
ConvallariaMajalis,DullWorseAscendHawking,,dullIntelectGrivesHystericalManifest,,,,,,,,,HeadScalpMind,,,,,,,,,,,,,,,,SensitiveIrritable,,,,,,,,,,,,
Copiva,,painOcciput ,,FHpassesToOcciAndBackWithTrobWithRtSideAndMotion,,,,,,,,OcciFHearScalpBack,,,,sensitiveToSharpSounds,,,,,,,,,,ExcessiveSensitiveness,,Sensitive ,,,,,,,,,,,,
Corallium,,,,DeepSeatedFHwithSeverPainBackEyeballs,,,,ViolentPainAsifParietalBoneForcedApartWorseStoop,painAggByBreathColdAirNose,,,parietalFHeyeballsNose,,breathingColdairThroughNose,,,,,,jeadacheSeverpainBackEyeballs,,,,,,,,,,,,,,,,,,,,
Crataegus,nervousBcakheadNeck,,ApprehensiveDespondent,,,,,,,,,mindNervousBackNeckEyeNose,,nasalDischrges,,,VeryNervousIrritableWithPainBackHeadNeck,,,conjuctivalIrritationNasalDischarge,,,,MentalDullConjunctivalIrritateNasalDischarges,,,,,,,,,,,,,,,,
CrocusSativa,throbbPulsateDuringClimacteric,,,,,,,,WorseDuringMenses,,,ClimatericMensesThrobbPulsation,,,,,throbbPulsateDuringClimactericWorseDuringMenses,,,,,,,,,,DuringClimactericAndDuringMenses,,,,,,,,,,,,,
CrotalusHorridus,MustWalkOnTipToeToAvoidJarring,dullHeavyRtSideOcciPainRtEye,,,,,,,,withWeaknessTrembling,,RTocciRtEyeHeartLyingLt,,,,,,,,OcciPainRtSideAndRtEye,,,,,,,,,,,,,,headacheWithPainInHeartLyeOnLeftSide,,,,,,
CrotonTiglium,,,,preesingPainFHespOrbits,,,,,,,,ForeheadOrbits,,,,,,,,preesPainFHespOrbits,,,,,,,,,,,,,,,,,,,,
CuprumAceticum,,,seemsVoideInclineGapCryLossConcious,ViolentThrobbLancinatePainLtSideBrowAuge,,NeurlgiaFHtempleHeavyBurnStingStitch,,,,,,FheadTempLtBrowTongueMind,,,,,headReelsWhenHeighCeieledRoom,,,LtSideBrowAgue,,,,,,,,,,ConstantProtrudeAndRetractionLachases,,,,,,,,,,
CuprumMetallicum,BruisedPainInBrainAndEyes,,mallaciousMoroseUseNotIntendedWords,,,,,,,giddyManyAilmentHeadFallOnChestFarward,,meningitisBrainGiddy,,,,,emptyFeelPurpleSwellHeadWithConvulsion,,,bruisedPainEyeAndBrainTurnMenengitis,,,,fearEmptyFeelMallaciousMorose,,AsifWaterPouredOnHead,,,,,,,,,,,,,,
Curare,lancinatePainAllOverHead,,BrainFeelFullFluid,,,,,,,,,headHairBrain,headDrawnBackward,,,,,,,,,,,,,,,hairfall,,,,,,,,,,,,
Cyclamen,onesideHeadache,,depressionWeepDesireTobeAlone,,,,,,WorseOpenAir,thingsTurnCircleBetterWarmroom,,onesideHeadEarEyesNose,,sneezWithITCHinEars,,frequentSneezWithSneezEars,,,,AcheMorningFlickeBeforeEyesSneezItchEar,,,,terrorConscienceGrivesDutyNeglect,,,,,,,,,,,,,,,,
Cypripedium,elderlypeopleChild,,,,,,,,,,,childnightWakeElderlyPeople,,,,,headaceElderlyAtClimactericChildCryNightOnWakeLaughAnndPlay,,,,,OnWakeLaughAndPlay,childCryAtNight,,,,,,,,,,,,,,,,,
DaphneIndica,HeatInHead,,,,,,,heatInHeadEspInVertex,,,,,,,,,feelAsifSkullWouldBurstOrSeparatedFromBody,,,,,,,,,foulSmellPtyalismHot,,,,CoatedOneSideOnlyRHUSTOX,,,,,,,,,,
Digitalis,heavynessAsifFallBack,,,sharpShootPainExtNoseDrinkColdWaterIceCream,,,,,,WalkRisingCardiacHepaticAffection,,noseSleepTongueLiverCardiacFront,,frontalPainExtendToNose,bluish,,,,,,,,,confuseFullnessAndNoiseInHead,,heavinessFallbackCrackSoundSleep,,,,blueTongueAndLips,,cracklingSoundsDuringNap,,,,,,,,
DiascoreaVillosa,,,,,,dullPainBothTempleBetterPressure,,,betterPressureWorseAfterwards,,,,,,,,,,,,,,,,,buzzingInHead,,,,,,,,,,,,,,
Drosera,,,,,,,,,,WalkOpenairInclineFallLeftSide,,,,,ColdnessLeftHalfFaceWithStingPainAndDryHeatRtHalf,,,,,,,,,,,,,,,,,,,,,,,,,
Duboisia,,,,,,,,,,,,,,,,,,,,impossibleStandEyesShutTnendToFallBackward,,,,,,,,,,,,,,,,,,,,
Dulcamara,,occPainAssendFromNapeneck,headacheRelivedByConversationRejectThingAskedFor,,,,,,backHeadChillyHeavyAcheColdWeather,,,occiScalpMind,,,,,,,,,,,,mentalConfusion,,buzInHead,,ringwormThickbrownCrustBleedOnScratch,,,,,,,,,,,,
EchinaceaRudbeckia,AchesPeculiarPeriodicalFlushFace,,confusedDepressed,,,,,,,dizzyProfoundProstration,,,,,FlushFaceExtendToNeck,,,,,,,,,,,,,,,,,,,,,,,,,
ElapsCorallinus,FullnessHeadViolentHeadache,FromFHtoOCCIfirstOneEyeThenOther,,FHtoOCCIweightAndPainFH,,,,,,tendencyFallForward,,FHocciEyesEarVertigo,,,,painEars,,,,headacheFHtoOcciFirstOneEyeThenOther,,,,,,,,,,,,,,,,,,,,
EpiphegusOrobanche,deviateFromOrdenaryPursuits,,nerveTireMentalPhysicalExertPreceedsByHunger,,,pressPainTempWithoutInwardWorseLeftSide,,,,,,exertMentalPhysiqTempTongueSpitSaliva,,,,,,,,,,,,byMentalPhysicalExertPreceedByHunger,,,,,,viscidSalivaConstantInclineSpit,,,,,,,,,,
Eriodictyon,,pressureOutwardWorseOcciput,,,,,,,,DizzyIntoxicated,,mouthThroatNoseEarsocciDizzy,,coryzaWithDizzyAndSneez,,painInEars,,,,,,,,,,,,,,foulMouthMorning,,,burningThroat,,,,,,,
EucalyptusGlobulus,dullCongestiveHeadache,,exhilarationDesireExercise,,,,,,,,,excerciseNoseEyeThroatBrain,,coryzaSoreThroat,,,,,,smartBurn,,,,,,,,,,,,,,,,,,,,
eugeniaJambos,worseLyeRtSide,,talkative,,,,,,,,,eye,,,,,asifBoardLyingRightSide,,,hotLacrymation,,,,,,,,,,,,,,,,,,,,
EuonymusAtropurpurea,BilliousHeadache,,,heavyFrontalSoreTiredFeel,,,,,,obscureVisionGatricDerangeWithAlbuminaria,,,,,,,visionObscureAndGastricAssociatAlbuminari,,,PainRtEyeExtBackHeadHAoverBrows,,,,,billiousHeadaceConstipation,,,soreTiredBruisedFeel,,billiousHeadacheCoatedBadTasteConstipation,,,,,,,,,,
EupatoriumPerfoliatum,thrbbingPainPeriodical,painAfterLyingDownWithSenseWeight,,,,,,TopAndBackPainSoreEyeBall,,SenseFallLeft,bile,,,,,,,,,,,,,,,pressureAsifCapOfLeadPressedWholeSkull,,,,,EveryThirdAndSeventhDay,,,,,,,,,
EupatoriumPurpureum,leftSidedWithVertigo,painLtShoulderToOcciput,,,,,,,beginMrningWorseAfternoonEveningColdAir,LtSideHeadacheWithVertigo,,occiVertigMornEveAfternoon,,,,,,,,,,beginMorningWorseAfternoonEvening,,,,,,,,,,,,,,,,,,
Euphorbium,violentPassiveHeadache,,AcuteMania,,,,,,,,,maniaPassiveHeadache,,,,,,,,,,,,,,,,,,,,,,,,,,,,
Euphrasia,CatarrhalBurstingAndDazzling,,,,,,,,,,,,,catarrhalProfuseNaselAndEyeDischarge,,,,,,burstingheadacheWithDazzlingEye,,,,,,,,,,,,,,,,,,,,
Eupion,,,,pailfullPulsationInForehead,,,,stitchFromVertexDownLimbIntoAbdoAndGenitalsVerexHeat,,everythingTurnRoundSitUpBed,,vertexLimbAbdoGenitalFH,,,,,sorrPainFULLspotsOnHead,,,,,,,,,,,,,,,,,,,,,,,
Fagopyrum,painDeepUpwardPressure,occiHeadache,depressedIrritableCerebralHyperaemia,,,,,,,,,occiEyesEarsNeckDeephead,headHotBetterBendBackWithTiredNeck,,,itchinEyesEarsAndAroundEyesEars,BurstingPainCerebralHypraemia,,,itchEarEyesInAndAround,,,,InabilityStudyOrRemember,,,,,,,,,,,CerebralHyperaemia,,,,,
FerrumMet,stingHammerPulsateCongestive,painBackHeadWithRoaringNeck,,,,,,,,seeFlowWater,,occiEarsMensesHairTeethNeckExtermVertigo,,,,ringing BeforeMenses,,painExtenTeethWithColdExtermities,,,,,,,,,,painfullMustTakeDownHair,,,,,,,,,,,,
FerrumPhos,SoreToTouchColdNoiseJar,,,,,,,,headacheBetterColdApplication,vertigo,,bloodRushThrobbSore,,,,,illEffectsSunHeatRushBloodToHead,,,,,,,,,throbbing sensation,,,,,,,,,,,,,,
FicusReligiosa,vertigoSlightHeadache,,meloncholicQuite,,,,,burning,,vertigoSlightHeadache,,brainVetigoHeadache,,,,,,,,,,,,,,,,,,,,,,,,,,,,
FluricumAcidum,pressureSidesWithInOutward,,,,,,,,worseWarm silicWorseCold,,,AlopeciaOssicleMastoidSkinHeadSidesExostosis,,,,,AlopeciaCarriesSkinOssicleMastoidCopiousDischargeExostosis,,,,,,,,,,,AlopeciaSkinCarries,,,,,,,,,,,,
Formalin,,,,,,,,,,vertigo,,noseEyesVertigo,,CoryzaEyesWatery,,,,,,eyesWatery,,,,,,,,,,,,,,,,,,,,
FormicaRufa,,,feelsHeavyAndLarge,SensationAsifBubleBurst,,,,,,vertigo,,brainEarVertigoNoseRhIritisEvening,,CoryzaStuffyPolypi,,,Exhillarated,,,,,,,,,,,,,,,,,,,,,,,
FraxinusAmericana,,throbbPainBackHead,depressionWithNervousRestlessness,,,,,HotSpotOnTopHead,,,,,,,,,,,,,,,,Anxiety,,,,,,,,,,,,,,,,
GallicumAcidum,,painBackHeadAndNeck,,,,,,,,,,occiNoseEyeLid,,thickStringyDischarge,,,,,,photophobiaWithBurningLids,,,,,,,,,,,,,,,,,,,,
GambogiaGarciniaMorella,heavyWithInertiaAndDrowsy,,,,,,,,,,,EyesLidsNose,,lidsStickTogetherWithSneezing,,,,,,itchBurnLidsStickTogetherWithSneez,,,,,,,,,,,,,,,,,,,,
Gaultheria,neurolgiaHeadAndFace,,,,,,,,,,,HeadFace,,,neurolgiHeadAndFace,,,,,,,,,,,,,,,,,,,,,,,,,
Gelsemium,,heavynessAroundOcciput,,,,painTempExtendWingNoseChin,,,betterpressHeadHigh,spreadFromOcci,,wingsEyeOcciTempScalpSleepUrination,wantsHeadRisedOnPillow,,,,withMuscularSoreNeckAndShoulder,,,precededByBlindnessBetterProfuseUrination,,,,,,,,soreToTouch,,,,deliriousOnFallingAsleep,,,,,,,,
GentianaLutea,,,BrainFeelsLooseHeadTender,betterEatingAndOpenAir,,,,,,worseRisingOrMotionopenAirBetter,,FHEyeBrainEatOpenAir,,,,,,,,AcheEyes,,,,,,,,,,,,,,,,,,,,
GeraniumMaculatum,SickHeadache,,,,,,,,,giddyWithDiplopiaBetterCloseEye,,GiddyPupilEyeHeadache,,,,,,,,ptosisAndDilatedPupils,,,,,,,,,,,,,,,,,,,,
Ginseng,SemiLateralHeadache,occi,,,,,,,,withGraySpotBeforeEye,,semilateralOcciGiddyLidsVission,,,,,vertigoSemilateralOcciDifficultOpenLids,,,EyeObjectDoubleDifficultLidsOpen,,,,,,,,,,,,,,,,,,,,
Glonoine,throbbAngioSpasticNeurolgia,,heatFeelLargeAsifSkullSmallForBrain,,,,,,betterUncouerHead,congestdizzyUprightPosition,,headSunheatFaceVertigoRushbloood,,,angiospasticNeurolgiaHeadFace,,SunStrokeHeatOnHeadCannotBearAnyHeatOnHead,,,,,,,thretendMenengitisApoplexy,,increseDecreaseWithSun,headacheInplaceMensesRushbloodHeadInPregnent,,,,,,,,,,,,,
Glycerinum,severeTwoDaysBeforeMenses,occiputFeelsFull,mentallyConfusedFeelsFullThrob,,,,,,,,,,,,,,,,,,,,,,,,TwodaysBeforeMensesSevereHeadache,,,,,,,,,,,,,
Gossipium,NeckpainCervicalTendToHead,,,,,,,,,,,cervicalHead,TendencyToDrawBack,,,,painNecktendencyToHeadToDrawBackWithNervous,,,,,,,,,,,,,,,,,,,,,,,
Granatum,feesEmpty,,,,,,,,,vertigoPersistent,,,,,,,,,,SunkenEyePupilDilateSightWeak,,,,,,,,,,,,,,,,,,,,
Graphitis,wakeMorningOnesideInclineVomit,,,sensationCobweb,,,,burningOnVertex,,,inclineVomitOnWakingMorning,vomitMorningWakeFhOneSideTeethNose,,nosebleedWithDistensionFlatulence,RushBloodFlushedNosebleed,,catalepticCondition,RhPainOneSideExtendTeethNeck,,,,morningOnWakeOnOnesideInclieVomiting,,,,feelsNumbAndPithy,,humidItcheruptScalpFetidOdor,,,,,,,,,,,,
Gratiola,sickHeadache,,SensationAsifbrainContractAndHeadBecameSmaller,TightnessFHwithWrinkleInSkin,,,,,,,,MyopiaRushbloodeyemyopia Fhbrain,,,,,,,,rushbloodVanishSightDryBurnMyopia,,,,,,,,,,,,,,,,,,,,
Grindelia,feelfullAsfromQuinine,,painEyeballsRunBackBrainWorseEyeMove,,,,,,,,,BackbrainEyeballsPupilIris,,,,,purulentOptholmiaAndIritis,,,eyeballpainBackbrainWorsemovePupilDilate,,,,,,,,,,,,,,,,,,,,
Guaco,headacheRedface,,,,,,,,,,,faceTongueHeavyMove,,,headacheRedface,,,,,,,,,,,,,,,HeavyAndDifficultyMovingTongue,,,,,,,,,,
Guaiacum,goutyRhpainExtendFaceNeck,,painEndinStitchEspecialyInHead,,,,,,worseColdWetWeather,,,RhGoutyNeckEarwetweather,,,,achingLeftEarPainOftenEndInStitchEspHead,tearingPainSkullPainEndinStitchEspInHead,,,,,,,,,feelSwollenBloodVesselDistended,,,,,,,,,,,,,,
Guarea,,,sensationAsifBrainfallFarwardAsfromblowOnHead,,,,,,,,,sensationfallfarwardBlow,,,,,,,,,,,,,,fallfarwardAsfromblowOnHead,,,,,,,,,,,,,,
Haematoxylon,feelConstrictHeavyHot,,,,,,,,,,,constrictEyelid,,,,,,,,eyelidsHeavy,,,,,,,,,,,,,,,,,,,,
Hamamalis,,,,numbOverFrontalBone,,feelAsifboltFromTempleTotemple,,,,,,templeNoseEpistaxis,,fullnessFollowEpistaxix,,,,,,,,,,,,,,,,,,,,,,,,,,
Hedeoma,,,weakFaintBetterLyingdown,,,,,,,,,PainSoreCutWeak,,,,,,,,,,dullHeavyFeelMorning,,,,sorepainAsfromCut,,,,,,,,,,,,,,
Helleborus,stupyfyheadache,dullpainOcciSensWaterSwashInside,moaningSuddenScreems,foreheadWrinkledInFolds,,,,,,,headacheCulminatesVomiting,FHocciDayNighthandsVomit,boresHeadIntoPillowBeatItWithHand,,,,coldsweat,,,,,RollsHeadDayNightMoneScream,,,,,,,,,,,,,,,,,,
Heloderma,,painstartRtEarExtBackhead,veryDepressedAsifFallRtSide,,,,,,,,,,,,,painBeginRtEarExtRoundBackheadLtEar,sensationAsifWouldFallRtSide,,,eyeLidsHeavy,,,,,,coldbandAroundColdPressureWithinSkull,,,,,,,,,,,,,,
Helonias,,,headacheBetterMentalExertion,,,,,BurningSensationOnTop,,,,,,,,,,,,,,,,,,,,,,,,,,,,,,,,
HeparSulphurisCalcarium,coldSweatOnhead,,,,,borinPainRtTempRootNoseMorning,,,,vertigoAndHeadacheRidingShaking,,,,painRtTempAndRootNoseEveryMorning,,,humidScaldheadItchAdBurn,,,,,,,,,,,sensitiveAndSore,,,,,,,,,,coldSweatOnHead,,
HeracleumBrancaUrsina,sickheadache,,,,,,,,betterTyingCloth,,,tieupClothSweatScalpHead,,,,,,,,,,,,,,,,seborrhoeaCapitis,,,,achesWithDrowsyWorseMoveOpenAir,,,,,,muchFttySweatHeadViolentItch,,
HippuricAcid,,,,,,,,,worseWarmRoom ,,,Eye,,,,,,,,painRtEyelidInflameSwolenWorseWarmRoom,,,,,,,,,,,,,,,,,,,,
Hydrastis,,,,dullPressingConectConstipateFH,,,,,,,,FHeczemaContipateNeckScalpNose,,sinusitisAfterCoryza,eczemaFHalongHairline,,MylagicpainScalpAndNeckMuscle,,,,,,,,frontalpainEspConectConstipation,,,painScalpNeckMuscle,,,,,,,sinusitisAfterCoryza,,,,,
HydrocyanicAcid,stypefyingViolentHeadache,,brainFeelsOnFire,,,,,,,,,headFaceOrbitPupilBrain,,,supraOrbitNeurolgiaFlusSamesideface,,,,,pupilDilatMotinoless,,,,,,,,,,,,,,,,,,,,
Hydrphobinum,chronicHeadchae,,LyssphobiaFearBecomingMadeEmotionNewsAggravte,boriningPainFH,,,,,,,,FHLyssophobiaHyperSense,,,,,,,,,,,,emotionNewsThinkingFluidsAggravate,,hypersensitivenessOfAllSenses,,,,,,,,,Lyssophobia,,,,,
Hyoscyamus,headShakeToAndFro,,inflamationBrainWithUnconciousness,,,,,,,vertigoAsifIntoxicated,,headBrain,,,,,,,,,,,,feelLightAndConfused,,,,,,,,,,,,,,,,
Hypericum,heavyFeelTouchIcyColdHead,,brainSeemsCompresed,,,,,throbbingVertexWorseWarmRoom,,,,brainVertexFaceEyeToothSkullHair,,,RtSideFaceAches,,InFracturedSkullBoneSplinters,facialnerolgiaTootachePullTearSadness,,painInEyesAndEars,,,,brainFogNeurastheniaBrainfeelAlive,,headFeelLongerElongatedToPoint,,HairFall,,,,,,,,,,,,
Iberis,,vertigoAsifOcciputTurningAround,,,,,,,,vertigAndPainAroundHeart,,,,,HotFlushed,,,,,eyeFeelForcedOutward,,,,,,ConstantHawkThicStringMucusUntillAfterMeal,,,,,,,,,,,,,,
Ichthyolum,DullAchebetterColdPressure,,,dullFrontalSupraOrbital,,,,,worseMoveeyeColdairbetterWarmth,,,dullFHsupraOrbitalEye,,,,,,,,frontalSupraorbitalHeadache,,,,,,,,,,,,,,,,,,,,
Ignatia,headacheCongestFollowangerGrief,,,,,AsifNailDrivenOutThroughSides,,,worseSmokeSmellTobacoInclineHeadFarward,,,mindCongestTemple,inclineHeadForward,crampLikePainOverRootNose,,,,,,,,,,congestheadachefollowFearAnger,,,,,,,,,,,,,,,,
Indigo,,,sensationAsifBrainFrozenheadFeelFrozen,sensBandAroundForehead,,,,hairFeelsPulledFromVertex,,vertigoNausea,,brainVertexHairNightVomit,,,,,convulsion,,,,,,GloomyCryAtNight,,,undulatSensationthroughWholeHead,,,,,,,,,,,,,,
Inidium,burstingDuringStool,,,dullPainFHandTempnauseaWeaknessSleepy,,dullPainFHandTempnauseaWeaknessSleepy,,,,,nausea weaknessSleepy,stoolFHTempStoolNauseaStomach,,ViolentAttackOfSneezing,,,sexualPsycopathy,,,,,,,,painHeadAtStrainingStool,,,,,,,,,,,,,,goneFeelInStomach11AM,
Indol,,dullOcciAndFrontalAfternoon,,FHAndOcciAfternoon,,,,,,,,FHocciEyeballsPupilsAfternoon,,,,,dullSenseyeEyeballsHothurtOnMove,,,pupilDilateWithheadacheDullsenshotHurtMove,,FrontAndOcciHeadacheAfternoon,,,,,,,,,,,,,,,,,,
Inula,throbbingAfterEating,,,pressureTempleAndForehead,,pressureTempleAndForehead,,,,vertigoOnStooping,,FHTempleEatingthrobVertigoStoopig,,,,,,,,,,,,,,,,,,,,,,,,,,,,
Iodoformum,sharpNeurolgicpainMeningitis,itchOcciput,,,,,,,,,,nerolgiaHeavyOcciSleepMeningitis,heavyAsifcouldnotLiftFromPillow,,,,,,,,,,,,,headfeelHeavyAsifCouldnotLiftFromPillow,,itchingOcciput,,,,interuptedBySighingAndCriesVerydrowsy,,,meningitis,,,,,
Iodum,ChrHeadacheOldpeople,,,,,,,,,worseStoopInWarmRoom,,ChrOldpeoplebandVertigoblood,,,,,,,,,,,,,,ThrobbRushbloodFeelTightBand,,,,,,,,,,,,,,
Ipecacuanha,AsifSkullboneCrushed,,,,,,,,,,,skullboneTeetRootTongue,,,,,,painExtendsTeethRootTongue,,,,,,,,feelSkullboneCrushedOrBruisedpainExtend,,o,,painExtendsTeethAndRootTongue,,,,,,,,,,
Iridium,woodenyFeelRtSideHead,,difficultConcentrationThought,,,,,,,,,RtSideHeadScalpNoseMind,,profuseWateryCoryzaBetterIndoorOzaena,,,,,,,,,,SensAsifMindVoidThoughConfused,,WoodenyFeelRtSideHead,,RtSideScalpSensitive,,,,,,,,,,,,
IrisVersicolor,sickHeadacheWorseRest,,,FHwithNausea,,RtTempleEspAffected,,,sickheadacheWorseRest,,FrontalheadacheWithNausea,headMindRtTempFHscalpEyeNausea,,,,,,,,headacheBeginsBlurEyes,,,,beginBlurEyeafterRelaxAftermentalStrain,,,,feelConstrictPustularEruption,,,,,,,,,,,,
Jacaranda,coryzaWithHeavyHead,,,VertigoRiseWithHeavyForehead,,,,,,vertigoOnRisingHeavyFH,,vertigoFHeyeNose,,CoryzaWithHeavyHead,,,,,,eyesPainInflamedAndWatery,,,,,,,,,,,,,,,,,,,,
JonosiaAsoca,unilateralHeadache,,,,,,,,,,,UTeyesNoseUnilateralHeadache,,catarrahProfuseWaterylossSmell,,,reflexUtHeadacheBetterOpenairAndFreeflow,,,painEyeballsSupraOrbitPainPhotophobia,,,,,,,UtCongestheadacheBetterfreeflow,,,,,,,,,,,,,
JuglansCinerea,dullFullHead,sharpOccipitalHeadache,,,,,,,,,,dullheadEyelidOcciscalp,,,,,,,,pustulesOnLidsAndArroundEyes,,,,,,headFeelsEnlarged,,EruptionOnScalp,,,,,,,,,,,,
JuglansRegia,,OccipitalSharpPain,,,,,,,,,,OcciEyeMind,,,,,,,,styes,,,,cofusedFeelAsifHeadWereFlowingInAir,,,,,,,,,,,,,,,,
JusticiaAdathodaBasaka,HotFullHeavyHeadCoryza,,,,,,,,,,,headEyeNoseTasteCoughsmell,,lacrymatCoryzaFluentSneezConstant,,,CoryzaWithCoughLossSmelTaste,,,lacrymatWithConstantCoryza,,,,,,,,,,,,,,,,,,,,
KaliBichromicum,semilateralSmallSpot,,,frontalPainUsuallyOverOneEye,,,,,,withNauseaRisingFromSeat,VertigoWithNauseaRiseFromSeat,vertigoNauseaSpotEyeNoseFaceHeadlateral,,semilateraAcheSmallSpotSuppressedCatarrah,AchingFullnessGlabella,,,,,headacheEyebrowPrecededBluredVision,,,,,,boneAndScalpFeelSore,,,,,,,,,,,,,,
KaliBromatum,numbFeelHead,,brainFag,,,,,,,,,brainNoseThroatSensFaceHead,,coryzaTendecyToExtendToThroat,faceFlushed,,,,,,,,,,,numbFeelInHead,,,,,,,coryzaTendencyExtendToThroat,,,,,,,
KaliCarbonicum,fromRideColdWindHeadacheWithYawning,AchingOnesideWithNauseaRideCarriage,,,,StitchTempleAcheOcci,,,FomRidingColdWind,vertigoOnTurning,occiOnsidedWithNausea,RideColdYawnOneSideTempOcci,,,,,DrynessHairfallHeadacheComeWithYawningRideInCold,,,,,,,,,LooseFeelingInHead,,drynesshairHairfall,,,,,,,,,,,,
KaliHydriodicum,ViolentPainThroughSidesHead,,BrainFeelEnlarged,,,,,,,,,CraniumLumpSidesNoseEyesFaceJaw,,painOverEyeAndRootNoseOverEyes,FacialNeurolgiaLancinatingPainUpperJaw,,craniumSwellupHardLumpHardNodesWithSeverPain,,,painIntenseOverEyesAndRootNose,,,,,,,,,,,,,,,,,,,,
KaliMuriaticum,headacheWithVomiting,,imagineHeMustStarve,,,,,,,,headacheWithVomiting,headVomit ScalpStarve,,,,,,,,,,,,imagineHeMustStarve,,,,crustalacteaDandruff,,,,,,,,,,,,
KaliNitricum,headacheWithVertigo,,Ennui,,,,,,,headacheVertigoFallRightsideBackwards,,FallRtBackScalpVomitStoopEnnui,worseStooping,,,,,,,,,,,Ennui,,,,ScalpVerySensitive,,,,,,,,,,,,
KaliPhosphoricum,,headacheBetterAfterRising,,,,,,,headacheBetterGentleMotion,fromLyingStandingStandsitLookup,,mindOcciGonefeelVertigo,,,,,studenHeadaceByFatgue headacheRelivedMotion,,,,,,,emtyGonefeelWearFtigueEmpty,,,,,,,,,,,,cerebralAnemea,,,withWearyEmptyGonefeel,
KaliSilicatum,,,,,,,,,,,,,,,,,,,,,,,,,,,,,,,,,,,,,,,,
KaliSulphuricum,RhHeadacheEvening,,,,,,,,,,,RhHeadacheScalp,,,,,,,,,,rRhHeadacheBeginEvening,,,,,,baldspotDandruffScalhead,,,,,,,,,,,,
KalmiaLatifolia,cardiacOriginHeadache,,confusion,painFrontTempHeadToNapeTeeth,,cardiacOriginPainFrontTemp,,,,worseStoopingVertigo,,cardiacOriginFHtempTeethNape,,,,,painFrontTempHeadToNapeAndTeethCardiacOrigin,painFromHeadToTeethNape,,,,,,,,,,,,,,,,cardiacOriginHeadache,,,,,,
Kreosotum,dullPain,OccipitalPain ZincGelsPic,,dullpainAsBoardPressAgainstFH,,,,,,,,OcciFhFemaleSensation,,,,,,,,,,,,,,asfromBoardPressAgainstForehead,menstrualHeadache,,,,,,,,,,,,,
Laburnum,,,StupificationIndiffrenceAcphos,,,,,,,constantVertigoGiddyintenseSleep,,sleepPupilsFaceStupifMind,,,twitchFacialMuscleAgaric,,,,,unequallyDilatePupils,,,,,,,,,,,,intenseSleepiness,,,hydrcephalus,,,,,
LacCaninum,PainFirstOnesideThenOtherside,occiShootingpainExtendFH,AsifBrainwereAlternatlyCotractedOrRelaxed,OcciPainExtendToFH,,,,,,,nauseaVomitingAtHeightOfVomiting,sensEyeEarEyeSidesHeightFH,AtHeightOfPositionHeadache,,,noisesReverberationOfVoice,,,,blurredvisionNauseavomiting,,,,sensationWalkOrFloatINair  STICTA,,,,,,,,,,,,,,,,
LacDefloratum,FHocciputMorningRising,,,FHtoOCCIRisingMorning,,,,,worseNoiseLightMotionMenses,,intenseThrobbWithNauseaVomiting,FHocciStoolEyeMroniBandageFemale,,,,,throbbNauseaVomitBlindConstpate,,,blindnessAndObstinateConstpate,,painFHtoOcciRisingMorning,,despondent,BlindnessAndObstinateConstipation,betterbandagingTightlyAndPressure,duringMensesWithGreaprostration,,,,,,,,,,,,,
Lachesis,painthroughOnAwakeWaveOfPain,,,,,,,pressureAndBurningVertex,wavePainWorseMoving,vertigo,,onsetDishargeHeadSunFemaleNose,,ReliefOnsetDischargeNaselCatarrahMenses,veryPaleFace,,sunHeadache,,,withheadacheFlickeringDimVision,,SunHeadache,,,,,ReliefOnsetDischargeMensesNasalDischarge,,,,,,,,,,,,,
Lachnantes,RtSidePainExtendJaw,,,,,,,,,,,sidesNosepalmsSoleScalpSleepJawFace,,bridgeNoseFeelAsifPinchedScal,circumscribedRedcheeks,,,,,,,,,,,headFeelsEnlargedWorseLeastNoise,,feelSoreAsifHaiaStandOnEnd,,,,sleepless,,,,,,,,BurningPalmsAndSoles
LactucaVrosa,headacheWithRespiratoryOrgans,,dullHeavyConfusedDizzy,,,,,,,,,FaceRespiratoryHead,,,faceheatHeadacheWithGeneralColdness,,,,,,,,,,,,,,,,,,,,,,,,,
Lamium,,,,,,,,,,,,FarwardBackwardFemale,headacheForwardBackwardMotionhead,,,,,,,,,,,,,,leucorrhoeaMensesScantyEarly,,,,,,,,,,,,,
LatrodectusMactans,,painNeckAndBackheadOcciPain,,,,,,,,,,mind neckOcci,,,,,,,,,,,,AnxietyScreemsWithPain,,,,,,,,,,,,,,,,
Lecithin,,AchesEspOcciputPulsatRingEars,,,,,,,,,,occiEarFaceZygoma,,,palePainZygomaRingingEarsPulsate,,,,,,,,,,,,,,,,,,,,,,,,,
Ledum,distressHeadCovered,,,,,,,,,whenWalkTendFallOneside,,,,noseBleed,,,,,,,,,,distressHeadCovered,,DistressWhenHeadCovered,,,,,,,,,,,,,,
Leptandra,,,,dullFrontalPain,,,,,,vertigoDrowsyDepression,,FHvertigoEyessleepMind,,,,,,,,smartingAchingInEyes,,,,drowsyDepressVertigo,,,,,,,,vertigoDrowsyDepression,,,,,,,,
LiliumTigrinum,HotDullHeavyFaint,,,,,,,,FaintWarmRoom,,,ModalitySensationHead,,,,,,,,,,,,,,WildFeelinInHead,,,,,,,,,,,,,,
Limulus,,,DepressionDifficultRememberNames,,,,,,,,,brainMindLteyeFace,,,confusedWithHeatBloodrush,,,,,painbehindLefteyeball,,,,worseWhenMeditating,,,,,,,,,,,,,,,,
LithiumCarbonicum,headacheCeasesWhileEating,,tensionAsifBoundBetterSittingGoingout,,,,,,,,,heartcheeksFaceBrainSensEarHead,,,bothcheeksCoveredDryBranLikeScales,DizzyStatesWithRingingEars,,,,,,,,,,extreemlySensitive TrembleThrobbing,,,,,,,,painheartExtendHead,,,,,,
LobelliaInflata,GastricHeadacheNauseaVomiting,,,,,,,,,vertigoWithFearOfDeath,gastricHeadacheNauseaVomit,fearGastricheadacheDayNight,,,,,,,,,,worseAfternoonUntillMidnight,,andProstrationGastricHeadache,,DullHeavyPain,,,,,,,,,,,,,,
LobeliaPurpurascens,Headheavy,,,,,,,,,headacheaWithNauseaVertigo,nauseaVertigoEspEyebrowBtween,mindVomitEyesHead,,,,,spasmodicClosureLids,,,cannotKeepEyesOpenSpasmodicClosure,,,,confusedDepression,,,,,,,,,,,,,,,,
LoliumTemulentum,,,,,,,,,,vertigoMustCloseEyes,,mindVertigoEyesEars,,,,NoiseInEars,,,,,,,,AnxiousDepressedConfused,,headHeavy,,,,,,,,,,,,,,
LoniceraXylosteum,,,congestHeadAndChestCOMA,,,,,,,,,headChestEyesPupilFace,,,RedFace,,,,,contractOnePupilDilateOtherhalfOpenSopor,,,,,,,,,,,,,,,,,,,,
LupulusHumulus,dullHeavyDizziness,,,,,,,,,,,mindDizzyTwitchAssociatesymp,,,,,DrawingTwitchingEveryMuscle,,,,,,,morbivigilenceHighlyExcited,,,,,,,,,,,,,,,,
Lycopodium,IfnotEatRegularlyHeadache,tearingBetterFreshAir,,deepFurrows,,asifScrewedEachother,,pressingWorse4pm8pmAndLyeStoop,,morningOnRising,,frontOcciTempTopHairBaldEarEye,,,TwistFaceMouth,eczemamoistOozingBehindEars,throbHeadacheOnCough,,,headacheOvereyesInColdBetteruncover,,,,,,ShakesHeadNocause,,greyhairPrematureBaldness,,,,,,,,,,,headacheIfNotEatingRegularly,
LycopusVirginicus,,,,frontalHeadache,,,,,,,,frontEminenceHeatrNose,,noseBleed,,,,,,,,,,,,,,,,,,,,worseFrontEminenceByLaboredHeart,,,,,,
MagnesiaCarbonica,painSideliesOnStickpain,,,,,,,,,,,SideMindRtorbitEyeDampScalp,,,,,painWhichSideLiesAsifHairpulled,,,painAboveMarginRtOrbitBlackMotes,,,,worseMentalExertion,,sidepainAsifHairPulled,,itchScalpWorseDampWeather,,,,,,,,,,,,